x1,x2,p1,p2
1.5872669,1.5136821,19.2426,23.801159
0.16045362,0.20478398,0.27072737,46.415306
1.0835693,1.183941,10.303355,29.900738
1.5677967,1.4753013,18.538002,24.203522
1.488755,1.41291,16.850824,25.196056
1.3232825,1.2544945,13.299333,27.547062
0.16075552,0.16564018,0.21311602,46.789318
2.217286,2.4198213,43.08757,14.400819
0.49245417,0.50296247,1.9819293,40.541313
2.7143106,2.7516527,59.7563,10.279442
1.9839442,1.9446182,30.870298,18.43195
0.29303163,0.2835052,0.664971,44.40087
2.8814,2.8424222,65.52732,9.143607
1.794818,1.8372021,26.386734,20.276484
0.9146452,1.0576987,7.82121,32.231865
0.20694435,0.2431063,0.40770656,45.601418
1.4991794,1.5685215,18.831194,24.030788
2.933628,2.8646367,67.24927,8.82967
0.501959,0.59844196,2.4403825,39.606087
1.9638205,2.0846317,32.80912,17.717758
1.5458915,1.4325347,17.767746,24.657673
2.5421166,2.5848217,52.57464,11.874277
0.58374465,0.53083545,2.4901762,39.476746
0.8068967,0.89737415,5.825451,34.413654
0.961138,0.87831384,6.7808857,33.300705
0.4754287,0.49402463,1.8803711,40.77556
1.7209461,1.6110231,22.228203,22.23736
2.1146188,2.0472248,34.650967,17.044308
4.7919054,2.99898,127.82495,4.0473843
2.8631327,2.7937555,64.01039,9.433716
0.6477201,0.637133,3.3019192,37.976944
0.709987,0.64343405,3.6723557,37.38388
4.3160267,2.9974568,110.45133,4.477999
0.43569714,0.37017238,1.3074384,42.268166
2.3749936,2.5103884,47.770576,13.088825
1.7438382,1.6831545,23.495922,21.604053
2.936661,2.9117885,68.40996,8.617995
0.39503783,0.36415315,1.1546496,42.696754
1.2157431,1.1917813,11.593495,28.823132
1.3576987,1.3449264,14.60869,26.625923
0.9876779,1.057589,8.376009,31.641333
0.7403627,0.7842892,4.6529856,35.916725
0.32582074,0.33888012,0.8839956,43.57399
0.54596573,0.5731952,2.5065253,39.43502
0.64297885,0.6931658,3.5756025,37.532455
0.4140371,0.3902185,1.2947888,42.28114
1.2602329,1.1864331,11.983242,28.529152
2.1700902,2.1670308,37.621254,16.034103
1.6762695,1.7072257,22.897995,21.889545
1.7194905,1.8958788,26.204016,20.397312
0.4254952,0.4079048,1.38973,42.013435
0.88540405,0.7981369,5.6838512,34.585556
0.7108012,0.83181435,4.7886133,35.770996
1.9218159,1.8835033,28.963844,19.187769
0.96390516,1.0237473,7.908687,32.100643
2.9696684,2.867857,68.17413,8.66828
2.9772267,2.9145079,69.43294,8.440889
1.0031674,0.9035731,7.291157,32.755386
2.7312968,2.8634493,62.637295,9.711863
2.475253,2.2936654,45.551117,13.698593
1.8812237,1.8231542,27.451574,19.819115
2.2422621,2.1797009,39.11534,15.559206
0.6480044,0.53827626,2.8386042,38.846844
2.4664953,2.4731646,48.800568,12.803543
1.0171354,1.0981777,8.9622345,31.08743
0.1891622,0.2458452,0.3848888,45.746147
2.0353503,2.0223982,32.930984,17.65526
2.7171721,2.7220283,59.16985,10.400458
1.031251,0.9969703,8.229713,31.775217
1.6738904,1.7043417,22.826757,21.92437
1.6907909,1.6881441,22.834417,21.919254
2.7189617,2.6040213,56.694717,10.94385
2.8971827,2.9702866,68.86508,8.541577
0.8316961,0.77429724,5.1650186,35.231323
0.89362293,0.8095463,5.815708,34.422234
2.60288,2.5747547,53.617386,11.627998
1.583849,1.6591723,21.045721,22.831219
0.17546982,0.19596863,0.27677345,46.35481
1.9709629,1.9500957,30.75027,18.476982
1.730817,1.6795639,23.266647,21.712852
2.1007478,2.0603437,34.63263,17.047241
2.7315164,2.8423884,62.161415,9.801306
0.20808816,0.25400162,0.43127,45.486923
1.8227396,1.7024641,24.883055,20.968727
1.6144826,1.6071235,20.7576,22.97334
0.67218393,0.78874236,4.295783,36.464684
0.33485383,0.36607575,0.9845542,43.236847
1.4825699,1.4219939,16.880322,25.174442
2.033927,1.9752576,32.154007,17.946655
1.3949653,1.3935357,15.55148,26.002861
2.108866,2.103192,35.482933,16.750153
2.0164285,2.0797887,33.566017,17.429333
4.235466,3.0,107.75669,4.584512
2.4867115,2.5617814,50.985832,12.261529
1.2163059,1.1185197,10.921945,29.38223
1.137042,1.0857936,9.887249,30.243458
2.2500548,2.2804642,41.053055,14.958074
2.9445622,2.8643534,67.49986,8.78581
1.5106635,1.6749839,20.3507,23.231201
1.6233077,1.5962191,20.732174,22.987776
1.9425889,1.9686167,30.596415,18.537048
0.23441483,0.20830788,0.3933699,45.671112
0.5042709,0.64514005,2.6819792,39.176384
3.0018816,3.0,72.04517,7.9924774
1.8755083,1.7528596,26.360191,20.30637
2.0839603,2.1210647,35.367226,16.791557
1.9122266,1.9847702,30.383694,18.625954
0.4883895,0.48761073,1.9051541,40.716286
1.291007,1.1982763,12.410261,28.209732
1.1757338,1.1304905,10.641436,29.598116
1.1211288,1.1121571,9.975292,30.160965
1.8977914,1.7931697,27.26828,19.90746
2.1505952,2.1371214,36.76939,16.315182
2.9539883,2.924495,69.11487,8.493885
2.0571783,1.9944226,32.838814,17.693697
2.8720343,2.9282236,67.2923,8.820496
4.335785,3.0,111.19612,4.4411817
0.4179527,0.36494532,1.2314782,42.47889
1.8024659,1.7820141,25.69783,20.579659
1.7492857,1.8219737,25.518354,20.666994
1.5417447,1.6397537,20.263077,23.250784
1.3985112,1.3305489,14.904776,26.435595
1.0959429,1.1540346,10.131546,30.033112
0.34470168,0.3215382,0.8888242,43.559807
0.22599918,0.25016567,0.45463395,45.352013
1.9226758,1.9515953,30.021626,18.762695
4.2966146,3.0,109.84359,4.494751
1.6942453,1.7265297,23.405487,21.643623
2.3421688,2.3464997,43.967262,14.10513
2.929802,2.8407786,66.61505,8.947957
1.7135081,1.619149,22.231014,22.231182
2.0865893,2.0898292,34.884964,16.957056
2.035646,2.0674093,33.672142,17.387482
1.3613174,1.4662018,16.01173,25.727741
1.2896763,1.3575526,14.024857,27.033926
1.1942477,1.2202331,11.660786,28.77039
0.70859617,0.6836729,3.8780684,37.04683
0.5788096,0.514995,2.4009616,39.662193
2.3296232,2.3567972,43.92655,14.117434
2.043618,2.1237118,34.746105,17.01323
2.549202,2.6332192,53.729095,11.608063
4.7496014,3.0,126.234856,4.0626993
3.0837936,3.0,74.03913,7.671847
0.43959045,0.4717907,1.6633049,41.302013
3.7387922,2.9883149,91.63437,5.637522
1.7005302,1.7863547,24.331463,21.21402
1.9576944,2.1269155,33.425346,17.510239
2.1770287,2.3156326,40.406433,15.174995
0.6649762,0.60198224,3.2183037,38.134995
0.48616952,0.5131688,1.9988122,40.506325
0.50580645,0.50787634,2.0551143,40.37695
0.90103257,0.9677329,6.9934664,33.060715
2.8736465,2.946966,67.769806,8.736328
2.1243234,2.1870043,37.182953,16.18246
0.81463385,0.6892618,4.5548406,36.099754
2.844484,2.772689,63.115578,9.607162
2.4088035,2.4090555,46.42353,13.427294
2.3454378,2.3807445,44.676086,13.9072
2.7866807,2.7067058,60.367382,10.15798
4.538521,2.9979792,118.3442,4.2210507
0.624218,0.5378388,2.7156749,39.05835
2.1062891,2.0959802,35.318344,16.806894
0.19065192,0.18066487,0.2759518,46.35582
0.42745453,0.39844647,1.3659079,42.082466
2.4621303,2.3513074,46.36293,13.456355
5.0,3.0,136.0,4.0
0.7196865,0.6582158,3.8047872,37.172173
2.928678,2.9165015,68.33255,8.63134
4.264385,3.0,108.73992,4.541129
1.9099137,1.848764,28.262794,19.478924
0.7596058,0.8068914,4.912299,35.563103
2.6467655,2.7225332,57.67022,10.724567
1.2840931,1.2467767,12.813389,27.89465
2.3711805,2.3167999,43.960236,14.110254
2.4629977,2.4949431,49.1644,12.711691
2.0699084,2.1703148,35.97915,16.592556
0.83860266,0.8475888,5.6866446,34.55975
0.55790806,0.6201026,2.7831545,38.915684
2.50148,2.473169,49.495872,12.627476
4.3275313,3.0,110.91011,4.4522142
2.4932737,2.3418279,46.802284,13.349556
4.434832,3.0,114.670944,4.3194146
2.2688684,2.268708,41.1792,14.919036
2.243212,2.2537405,40.44539,15.141821
0.37908882,0.42083585,1.2832446,42.321564
1.710057,1.6349822,22.389847,22.14707
1.7047819,1.6561662,22.596672,22.039688
0.5723507,0.5173035,2.380753,39.698647
4.3037148,3.0,110.087845,4.484813
1.7313875,1.9230069,26.782633,20.151712
1.4448894,1.2758127,14.861614,26.50838
1.9893862,2.0033824,31.884794,18.043512
0.76268196,0.7860908,4.79849,35.711895
0.9500786,0.8451226,6.467526,33.66487
0.4149453,0.39861375,1.3242902,42.19548
2.3246381,2.229765,41.503178,14.831764
1.921695,1.8591027,28.596699,19.341198
1.221666,1.2328616,12.049662,28.46714
3.1197338,2.9897854,74.686226,7.5763636
0.32913202,0.3487075,0.9196992,43.451527
2.9598625,2.912906,68.98323,8.518124
2.770943,2.781942,61.669304,9.888477
1.492016,1.4449263,17.255695,24.944502
3.0155907,2.9061384,70.157715,8.322137
0.84576327,0.76590204,5.207686,35.18527
1.739686,1.8137642,25.264992,20.781746
0.49766418,0.45538712,1.8201883,40.924538
2.1706018,2.2067072,38.32428,15.807979
2.2010782,2.3634868,41.72326,14.785166
2.7557042,2.769643,61.05931,10.011356
1.5030824,1.5930909,19.188782,23.835463
1.973202,1.8623785,29.447918,19.006176
0.37441683,0.39907622,1.1977992,42.564514
0.38468415,0.4619476,1.4455099,41.895065
0.20089555,0.2055836,0.33049455,46.017838
0.7413087,0.6197343,3.7344365,37.32318
1.152055,1.2638241,11.697929,28.765692
1.9926835,2.1137123,33.75427,17.37461
2.0685754,2.151674,35.63482,16.706211
1.4605799,1.4356844,16.777935,25.23184
0.3673014,0.383774,1.1287713,42.77144
1.0575637,1.1272084,9.556158,30.54132
2.120573,2.141958,36.339256,16.459503
2.1860065,2.0509758,35.940506,16.615303
2.7292757,2.7475393,59.991673,10.229769
1.8909328,1.9677466,29.790615,18.860859
0.61263335,0.65682316,3.2269452,38.112175
1.509957,1.4995477,18.114452,24.433567
1.691818,1.6370848,22.16918,22.253265
1.5147382,1.4029208,17.050476,25.08603
1.8384473,1.804112,26.538834,20.209116
0.9328771,0.9477464,7.0739317,32.96225
0.076661065,0.015268467,0.024440179,49.086815
3.616751,3.0,88.32355,5.913378
1.2518309,1.1765709,11.805599,28.667381
4.4542885,3.0,115.36275,4.297801
2.0122344,2.0657392,33.265465,17.536629
2.8772407,2.9120324,67.03378,8.865716
1.5375452,1.6298593,20.081947,23.34644
0.04346426,0.024243094,0.009907478,49.32541
2.1320403,2.0465794,34.936333,16.947887
0.80724156,0.8241069,5.323164,35.01731
2.581181,2.7241166,56.33323,11.030331
0.6146876,0.6576061,3.2411468,38.08735
0.1694764,0.11874707,0.17129248,47.160583
1.1681184,1.2530007,11.738046,28.72332
4.361661,3.0,112.096344,4.407477
0.7601535,0.754778,4.5900927,35.998207
1.2318892,1.3110597,12.945715,27.806938
1.1867077,1.1723922,11.131115,29.191778
0.6922006,0.7131821,3.9510813,36.933945
3.8099654,3.0,94.06334,5.4161825
2.218157,2.1625993,38.38823,15.789493
2.7868252,2.8434117,63.405537,9.549016
4.2007464e-06,0.0064277058,0.00016526168,49.935722
0.97534513,1.0161612,7.935527,32.068817
1.6359798,1.6583755,21.706556,22.483088
0.3835608,0.40601182,1.247858,42.41624
2.836404,2.8312178,64.24393,9.384764
0.67624426,0.70119613,3.7959294,37.174576
0.43060368,0.48491606,1.6822524,41.265366
2.729246,2.6964922,58.879414,10.462473
2.0196393,1.9036688,30.81159,18.469816
1.7446408,1.7171148,23.969019,21.374699
0.63901174,0.6316566,3.2293043,38.10064
2.5838954,2.558025,52.880028,11.800804
0.5005098,0.43892774,1.7726705,41.048794
1.4563855,1.5086292,17.588083,24.746872
2.7283823,2.5655806,56.105095,11.086645
1.3676667,1.3634933,14.918505,26.418026
2.433055,2.4979634,48.638313,12.849394
3.4219592,3.0,82.83922,6.490213
1.13599,1.0456576,9.535493,30.567396
0.34244427,0.27489534,0.7713421,44.01944
3.625823,3.0,88.586365,5.8883624
2.6353693,2.6928658,56.78679,10.914347
0.2251013,0.25675598,0.4663769,45.29802
1.7365966,1.7349073,24.102684,21.310635
3.9923842,3.0,99.75653,5.01529
1.8480705,1.8126354,26.804047,20.093952
1.446619,1.4438486,16.709621,25.272728
0.7288319,0.8488185,5.006755,35.47519
2.7261052,2.689187,58.653507,10.510454
1.4272085,1.49919,17.137978,25.020512
0.43900165,0.49638546,1.7564839,41.08525
0.7481536,0.6102342,3.7284784,37.34824
0.9457525,0.99415714,7.531185,32.483696
0.99591213,1.0484809,8.364613,31.647224
3.9535003,3.0,98.52066,5.0951614
3.6130903,3.0,88.21768,5.9235187
1.6790186,1.5662066,21.088425,22.819857
1.6672794,1.5944203,21.287987,22.705
2.7658794,2.6907575,59.561058,10.323896
3.689689,3.0,90.455215,5.716915
1.8493237,1.8720976,27.698992,19.710535
0.24536885,0.22175823,0.43753034,45.43811
1.8647373,1.8463832,27.545506,19.775171
0.48700377,0.51519287,2.0103855,40.48063
1.299304,1.2851297,13.358997,27.495413
1.9088218,1.8944448,28.930088,19.199856
2.6384113,2.7641242,58.406387,10.576242
2.4085295,2.3301358,44.922188,13.843894
3.3289165,2.9833927,79.92927,6.8592243
0.70469457,0.6095968,3.4728107,37.72529
0.39381742,0.38842463,1.2238634,42.483543
0.52891433,0.5284306,2.2359571,39.985542
1.3039547,1.268451,13.237063,27.585209
2.0555224,2.0003133,32.9057,17.668068
2.6487274,2.6817834,56.83088,10.902611
2.0113187,2.2203145,35.9008,16.658867
1.339224,1.2967865,13.900705,27.115072
1.4298716,1.3967915,15.982237,25.728928
0.10495163,0.048317537,0.053397715,48.480656
1.9940337,1.9447374,31.032696,18.37046
1.7670894,1.7512314,24.757666,21.006207
2.0676394,2.0109441,33.276115,17.533194
3.4090898,2.9975953,82.429886,6.54062
1.4466254,1.5582151,18.083038,24.472355
2.8372817,2.7458541,62.359528,9.758524
0.3092276,0.26508304,0.6635629,44.42279
0.18402147,0.11654019,0.18978208,47.041832
0.36356375,0.3403499,0.9920667,43.20888
4.484927,3.0,116.45829,4.2653
1.8621874,1.9539332,29.142387,19.12439
1.1584772,1.1177596,10.365824,29.829086
1.9263475,1.9443334,29.964989,18.784437
0.95167863,0.81781334,6.2980433,33.87959
1.945741,1.8657787,29.068153,19.15184
2.5532784,2.533206,51.745453,12.071519
0.7344718,0.82324815,4.8687453,35.639988
2.2590592,2.1726115,39.294357,15.506882
3.7893457,3.0,93.43657,5.465684
0.49237472,0.5047071,1.9886484,40.52634
1.7642876,1.839114,25.980204,20.461037
0.2993882,0.23184763,0.57354647,44.831024
0.32760486,0.4323957,1.1771638,42.694283
1.9508679,2.0167806,31.49316,18.196804
0.1657531,0.15822178,0.21003288,46.812763
0.5776799,0.5644079,2.6090813,39.231396
1.9624056,1.8619535,29.271626,19.074314
1.9328091,1.8528451,28.675144,19.312243
2.776631,2.7646372,61.4116,9.940216
0.15980303,0.20184039,0.2651062,46.449844
2.4469466,2.6186285,51.37905,12.189013
2.8496056,2.7742307,63.266434,9.578245
1.8368756,1.8476329,27.151436,19.942776
0.043094076,0.0,0.0074283974,49.570915
2.1323168,2.1262422,36.27072,16.48209
2.8013872e-05,0.016750084,0.0011222644,49.832504
2.0679734,1.9997194,33.101566,17.598465
3.6727595,3.0,89.95665,5.761567
3.1885912,3.0,76.66846,7.2812014
0.5414308,0.47595268,2.078713,40.34584
0.92775065,1.0412786,7.77993,32.254692
2.159647,2.2075062,38.148636,15.865627
2.915433,2.918958,68.08026,8.676156
0.5279675,0.5493936,2.3223321,39.806973
0.8801986,0.9688184,6.8534346,33.22319
2.0615978,2.106485,34.749855,17.006638
2.0572486,2.1080976,34.705387,17.022886
2.0545602,2.0059338,32.97995,17.640049
1.1605424,1.1873758,11.026879,29.277538
1.9534233,1.9123294,29.891464,18.815338
0.35890824,0.37092912,1.0656141,42.968033
1.4800974,1.4756727,17.473194,24.810598
1.6033484,1.627794,20.881756,22.909016
2.9273658,2.986732,69.96016,8.34906
0.89780796,0.98723197,7.1227446,32.930283
2.4454346,2.5991054,50.941994,12.2901
1.9537674,1.8946722,29.627958,18.922594
1.7455671,1.699953,23.74738,21.481644
1.1391298,1.1569753,10.544834,29.67516
1.0579158,1.1394682,9.670294,30.443733
0.5948398,0.50910485,2.4520886,39.573574
3.4860442,3.0,84.610016,6.2920623
1.4516333,1.4701204,17.073975,25.050955
0.3543832,0.388857,1.1071889,42.8444
2.9247007,3.0,70.2155,8.306868
0.69359076,0.63894355,3.5572681,37.563972
4.8773746,3.0,131.15514,4.015037
2.913616,2.8707314,66.92102,8.886784
2.891732,2.798343,64.77135,9.292088
1.6505461,1.71791,22.702068,21.990955
0.062935345,0.08557196,0.045133673,48.526215
0.52023244,0.6160419,2.6005979,39.287407
2.686021,2.5971076,55.838707,11.128389
2.0776935,1.9661193,32.72974,17.744308
2.3065317,2.4645357,45.5761,13.6833515
2.436412,2.5583105,49.924225,12.533831
0.5643493,0.5587477,2.5227566,39.39972
1.6556177,1.6528556,21.892006,22.388268
0.24895197,0.34113693,0.71340597,44.277466
1.48602,1.4067576,16.74889,25.259445
4.5780034,3.0,119.83246,4.178081
0.40252444,0.33273563,1.0909557,42.92014
0.7585583,0.6719627,4.107778,36.721733
2.2036114,2.1640184,38.155518,15.862581
1.7115947,1.7125471,23.449495,21.620956
2.875691,2.834362,65.21283,9.202677
1.5743395,1.4747155,18.613323,24.16278
0.28899586,0.27545387,0.6375738,44.514896
2.2929053,2.2949898,42.097572,14.645441
2.0776637,2.0548477,34.15634,17.21397
1.0230736,0.97356564,7.9780383,32.028114
3.2773774,3.0,78.96481,6.9674287
1.6401337,1.57811,20.721878,22.998032
0.5443212,0.5378064,2.342085,39.764244
0.6213245,0.5368511,2.697013,39.0925
0.5342269,0.50556934,2.1639948,40.143036
2.0244782,1.9937364,32.293987,17.891352
0.9456639,0.9352443,7.0758486,32.959877
1.8963186,1.7730079,26.958324,20.046318
0.7962947,0.71564424,4.5849276,36.02684
1.5387616,1.5649389,19.267284,23.779816
0.6169706,0.67829686,3.3629575,37.88806
0.11483714,0.1781628,0.17971821,47.114933
1.9397897,1.8900558,29.34038,19.03664
0.613065,0.6652934,3.2738562,38.03488
2.4597764,2.450353,48.218918,12.953436
1.6621208,1.6645263,22.133175,22.26682
0.70949274,0.8220272,4.7164345,35.863907
2.583034,2.4761899,51.214325,12.211342
0.00017016112,0.04125413,0.0068077287,49.58746
1.9374766,1.9755796,30.626923,18.526167
2.1863642,2.2852986,40.01111,15.28615
0.5109031,0.5130033,2.0967774,40.285126
0.710139,0.7659945,4.3641796,36.329712
2.4056926,2.3926218,46.04798,13.528852
2.1151268,2.2231853,37.66526,16.033194
1.8085607,1.7768934,25.712967,20.5737
1.6436015,1.6377007,21.533958,22.570469
4.764089,3.0,126.78618,4.055654
1.7240793,1.623053,22.427002,22.13543
1.9893762,1.8610538,29.684555,18.91684
2.0715559,2.1999876,36.525158,16.415854
0.54754984,0.48770776,2.1506786,40.185097
2.2016156,2.2479186,39.600998,15.404907
0.5668766,0.6093373,2.7705638,38.930504
2.0924296,2.0700386,34.653282,17.03864
1.8642564,1.8083081,26.98172,20.019785
2.7802753,2.7971022,62.214848,9.779936
1.5562212,1.5083846,18.788193,24.050991
0.555464,0.6619082,2.986651,38.572945
3.5700958,2.9948432,86.85867,6.06528
1.1262199,1.1830759,10.672159,29.575083
1.9922683,1.9276315,30.739586,18.485899
2.0880892,2.036511,34.029976,17.261492
0.9738844,0.8971251,7.013137,33.04319
0.96089405,0.96028453,7.381855,32.633675
1.9009701,1.9783387,30.110046,18.734425
0.9983193,1.0083759,8.053854,31.946512
1.637049,1.6270008,21.308243,22.686563
0.83802176,0.74670833,5.0394154,35.41255
3.5188847,3.0,85.5302,6.1937027
0.869279,0.82371235,5.7365923,34.504234
3.5450485,3.0,86.26947,6.116884
1.9836936,1.9065547,30.279964,18.667507
1.1645932,1.2478911,11.654037,28.788668
2.7381997,2.7497818,60.236153,10.179222
0.64803904,0.5157179,2.7436783,39.04835
2.8177645,2.8489535,64.225334,9.389153
1.8586556,1.8772945,27.91534,19.619335
1.4811982,1.4550419,17.24438,24.948692
1.505504,1.613596,19.480938,23.679234
2.8259602,2.834435,64.08029,9.416121
2.3740022,2.5930185,49.438526,12.6894245
1.7894446,1.8543861,26.563438,20.202553
2.383395,2.2654006,43.250446,14.324656
1.7896974,1.935846,27.802067,19.695084
2.087787,2.063985,34.475555,17.101168
0.6229341,0.73410004,3.707799,37.356606
0.56110907,0.4710461,2.1469111,40.21518
1.4485304,1.3208438,15.371475,26.149128
1.0592372,1.0271107,8.70776,31.313461
1.6635576,1.7226546,22.939852,21.87284
3.160878,3.0,75.9646,7.38237
0.33460966,0.35589764,0.954507,43.333557
0.30686456,0.30941004,0.7596017,44.027153
1.7914064,1.8971173,27.232763,19.922955
0.19941701,0.22354932,0.35896575,45.860077
0.8197055,0.7491555,4.9326043,35.54454
2.6750438,2.7375073,58.599224,10.524294
1.0020547,1.0133413,8.123897,31.877014
1.3503213,1.3408406,14.484884,26.709602
1.4288132,1.4512448,16.590475,25.347038
2.652593,2.6467767,56.166702,11.04798
1.0147033,0.94815457,7.7144794,32.30004
0.18752769,0.22689156,0.34658566,45.94245
1.8646158,1.8299924,27.302658,19.879581
0.70500034,0.7604183,4.301046,36.421074
3.576116,3.0,87.15443,6.0274453
0.00017090474,0.041332565,0.006833641,49.586674
0.83504814,0.76761,5.146122,35.25995
1.7500672,1.6777444,23.510246,21.599445
1.1578958,1.0848796,10.070745,30.089931
2.811283,2.93032,65.96036,9.074057
0.54198194,0.5371514,2.3291042,39.790947
1.4810992,1.3957325,16.566896,25.37341
0.9577776,0.9410119,7.2113657,32.81495
1.6858586,1.6785071,22.638021,22.015846
3.4613008,2.9955387,83.81542,6.38546
1.0049134,0.9322198,7.515539,32.507553
1.8734686,1.7751387,26.644009,20.174927
1.6113741,1.4489766,18.78424,24.092552
1.6215943,1.568193,20.35519,23.190924
1.0470017,0.92296016,7.7922726,32.248447
1.9847608,1.9124826,30.387459,18.624432
2.72871,2.80578,61.273037,9.97336
1.6773844,1.8110946,24.37473,21.208893
2.2933059,2.2685099,41.621555,14.787231
2.9396906,2.9779315,70.03943,8.333635
0.83193755,0.7819603,5.214328,35.164597
1.7061654,1.6192083,22.131344,22.279099
0.9679006,1.0224183,7.9286823,32.07898
1.5178443,1.6009008,19.466938,23.679285
0.6653182,0.6429356,3.4240577,37.773476
3.0547082,2.949583,72.12513,7.98837
2.889924,2.8185232,65.18294,9.211262
0.9366168,0.9849745,7.389703,32.63151
3.7047749,3.0,90.90143,5.677608
1.968443,1.9294758,30.39058,18.618458
2.5191746,2.552155,51.438942,12.1464405
0.8139921,0.77846074,5.074337,35.34406
0.98504746,0.9582587,7.5543127,32.455517
1.9711807,2.0025342,31.582785,18.158546
0.74262136,0.8121569,4.8443413,35.663307
1.6980873,1.5771823,21.484018,22.618309
0.23095351,0.23949757,0.44279444,45.406185
1.2106843,1.1819483,11.451033,28.936432
3.543254,3.0,86.2186,6.1221094
2.8024015,2.7678232,62.057198,9.812052
0.20014405,0.18789048,0.3014419,46.195015
3.6414558e-06,0.006093925,0.00014854374,49.939056
2.0014827,1.849587,29.70762,18.916208
1.0431132,0.9137466,7.692072,32.354416
0.2756734,0.26753926,0.59029233,44.715446
4.381515,3.0,112.790695,4.3825235
2.1691966,2.2066615,38.299072,15.816188
2.7684958,2.6841135,59.476135,10.342941
1.7406299,1.834375,25.578897,20.644676
1.9953662,1.9417549,31.007595,18.380688
2.1703227,2.185217,37.941895,15.930077
1.2602166,1.3330212,13.460365,27.432713
2.5679796,2.689471,55.311096,11.253267
3.894502,2.987219,96.36249,5.273413
1.50645,1.5740764,18.988434,23.941843
0.46006173,0.5128293,1.8986027,40.745743
0.876124,0.8456282,5.9307213,34.26516
1.7234509,1.7115555,23.59882,21.54964
2.6705534,2.5857518,55.271873,11.254915
3.4043288,3.0,82.35782,6.5461664
1.844761,1.8758664,27.688072,19.715744
4.7022104,3.0,124.44313,4.088679
1.6064863,1.5450089,19.871403,23.452898
1.3065422,1.2805557,13.387502,27.475897
0.00018863454,0.04341656,0.0075401333,49.565834
0.2990092,0.22910395,0.5675805,44.860764
2.6620083,2.5393963,54.139286,11.520776
1.005583,1.0035311,8.073088,31.927132
1.6851568,1.6051794,21.665419,22.512993
1.613653,1.5836319,20.447063,23.138916
2.1020432,2.1545718,36.243057,16.494617
4.743763,3.0,126.013145,4.0656576
1.3004609,1.4386085,15.043172,26.370098
1.2553605,1.375397,13.870587,27.160072
0.03862796,0.0,0.005968477,49.61521
0.90776443,0.7595513,5.603818,34.7278
1.7049383,1.7990677,24.573837,21.103397
2.716162,2.7991557,60.851234,10.059631
4.0260963,3.0,100.83781,4.948488
2.1738493,2.203247,38.31967,15.808954
1.1367618,1.1974949,10.904885,29.383656
1.1868172,1.1767734,11.173323,29.157425
0.7099896,0.7736155,4.410265,36.266518
2.3471632,2.406096,45.193893,13.765882
1.7206308,1.781447,24.536495,21.113346
1.8823887,1.7316549,26.168064,20.40158
1.4857913,1.4902943,17.714212,24.667698
0.32249177,0.30242634,0.7818505,43.94628
2.1346796,2.0691617,35.353146,16.799873
1.4885724,1.3437437,16.08598,25.698334
1.015577,1.0786681,8.779686,31.252472
1.979651,2.0240066,32.062485,17.979046
2.59869,2.5287213,52.590485,11.873508
3.0707924,3.0,73.71907,7.721842
1.9578263,1.9067245,29.874727,18.823175
0.7231702,0.8972522,5.3121467,35.123814
0.17925183,0.19488752,0.28044945,46.32872
0.4693347,0.41825515,1.5808496,41.519314
0.6133671,0.5641031,2.7777262,38.91973
0.83600956,0.9252643,6.220104,33.942287
0.2942995,0.34714726,0.8284937,43.792652
7.00353e-06,0.008336459,0.00027798643,49.916634
1.7477571,1.9024019,26.695152,20.1722
0.8750217,0.9323323,6.539626,33.561367
2.4137912,2.4121418,46.57926,13.385487
1.6117499,1.6912736,21.832577,22.42791
1.8345442,1.7628843,25.893253,20.49903
2.7534087,2.8134851,61.98783,9.82802
0.13417369,0.14769468,0.15926519,47.22113
1.5927954,1.6293157,20.766666,22.970554
1.9348332,1.8585737,28.791502,19.263807
1.1861613,1.1610202,11.019786,29.28313
0.50616705,0.6428515,2.6778524,39.179283
0.101280265,0.20074138,0.20221917,47.030342
1.9208194,1.8778675,28.863733,19.229065
2.416617,2.3485675,45.423225,13.703962
2.3924632,2.306959,44.18376,14.051719
4.2771153,3.0,109.174866,4.522562
2.3982625,2.2530003,43.31069,14.315046
1.9167888,1.8573326,28.495056,19.38255
2.0785153,2.1599696,35.94278,16.600845
1.4007796,1.3918209,15.597395,25.973343
1.9765532,1.9264385,30.47171,18.588013
0.4299822,0.3753503,1.3030901,42.272446
2.5924094,2.5475543,52.842476,11.810983
3.6179566,3.0,88.358444,5.9100437
2.670294,2.7572803,58.93226,10.457321
3.327685,3.0,80.29395,6.796637
1.962614,1.9591069,30.759815,18.472744
1.8228549,1.8671663,27.236439,19.908897
2.890692,2.8978043,67.01347,8.868407
2.1040516,2.0796716,35.00827,16.914835
3.637426,3.0,88.92347,5.8566084
2.895293,2.880749,66.725746,8.921017
2.8841064,2.8852446,66.57082,8.949196
1.2224059,1.3035766,12.774353,27.933764
2.410592,2.4067411,46.41343,13.430025
1.5664779,1.5250893,19.119,23.864079
4.3266687,3.0,110.88025,4.453375
4.301277,3.0,110.003944,4.4882135
3.6195822,3.0,88.4055,5.9055533
1.7213931,1.8732561,25.88913,20.52579
0.3623042,0.41336066,1.2085254,42.545486
2.9956462,3.0,71.895584,8.017434
0.62753445,0.6847489,3.4507222,37.739853
0.31285754,0.36587572,0.92697954,43.444412
0.31951886,0.37950546,0.9844668,43.25587
1.1907037,1.1370444,10.842582,29.433163
2.9015226,2.8732095,66.69667,8.926846
2.4297972,2.4205074,47.051083,13.259725
4.4562535,3.0,115.432785,4.29566
4.444839,3.0,115.026375,4.3082037
2.053542,2.0193458,33.17917,17.565914
1.8028243,1.7521479,25.28079,20.770475
0.22501728,0.26262617,0.47842112,45.24317
2.2691064,2.4015543,43.66523,14.2097
2.254896,2.4083471,43.538765,14.252261
0.9708606,0.99402106,7.722593,32.281834
1.8392298,1.8768737,27.621685,19.744385
0.340094,0.4115072,1.1400084,42.76899
1.2001941,1.0866019,10.484678,29.75321
2.1572714,2.0858104,36.0177,16.573608
1.5722303,1.471012,18.543139,24.203362
1.2492836,1.2291894,12.286464,28.286886
2.2142386,2.2129326,39.19969,15.528211
1.8517917,1.9321721,28.649685,19.322784
2.035895,2.0873404,34.007435,17.269505
4.380963,3.0,112.77134,4.383207
0.99213856,1.0381761,8.248594,31.759003
3.0717833,2.945728,72.45267,7.938053
1.5470076,1.4819583,18.35773,24.299774
2.413643,2.4159887,46.650696,13.366358
2.8121777,2.829248,63.65195,9.498732
1.9588441,1.9532708,30.609348,18.531187
0.7288227,0.7826557,4.57493,36.02895
1.7887397,1.7533598,25.09544,20.852865
1.6486188,1.6047146,21.17221,22.75972
1.1331195,1.26421,11.528747,28.908892
0.9497962,0.96750534,7.3527174,32.66516
2.4038935,2.255892,43.47101,14.269897
0.21954943,0.27424857,0.49365693,45.185432
2.8663294,2.724969,62.5652,9.728317
2.1984897,2.1054394,37.064926,16.22694
4.690056,3.0,123.986496,4.0960655
2.2747574,2.2470882,40.895706,15.00547
1.6532195,1.7954223,23.826702,21.470259
0.4352049,0.46671298,1.6288972,41.388046
1.9684839,1.9652351,30.94831,18.399887
1.684928,1.7966665,24.267971,21.251049
1.0598414,1.0698187,9.071104,30.971174
0.0,0.0,0.0,50.0
2.6894438,2.589749,55.759636,11.14798
1.7271439,1.7854778,24.683826,21.044743
1.8669542,1.7776519,26.582256,20.199503
2.251984,2.1868749,39.415413,15.465265
2.1999977,2.0984418,36.973793,16.259052
0.7789401,0.89708877,5.646064,34.651226
0.65139824,0.60284567,3.1509702,38.245304
2.311618,2.3440866,43.353283,14.281273
2.5176709,2.5071304,50.497475,12.376356
1.9111266,1.8884372,28.8744,19.222961
2.0937839,2.1130724,35.396023,16.780443
0.14536664,0.12698609,0.1490277,47.31373
2.029382,1.9553711,31.76747,18.094337
1.8312813,1.7598846,25.803139,20.539127
0.96184814,1.0165763,7.8343167,32.17433
2.1303766,2.122772,36.178658,16.51318
1.1935215,1.2699687,12.149257,28.402412
1.7199866,1.8016117,24.816633,20.988176
0.7945761,0.68543106,4.404668,36.301094
1.0446374,1.0809497,9.0388775,31.003847
1.4103447,1.3634436,15.392202,26.110168
2.2577665,2.3655474,42.773296,14.460185
1.7965481,1.8105867,26.023237,20.434462
2.0573645,2.0010295,32.94747,17.652927
1.7536808,1.7586765,24.673359,21.044765
1.2193428,1.2606568,12.304211,28.276056
4.382313,3.0,112.818665,4.3815374
2.5131981,2.5649679,51.580902,12.113565
3.2219992,3.0,77.525116,7.1612873
2.819357,2.867291,64.68053,9.303652
1.5773618,1.6225462,20.482906,23.121647
0.1373581,0.08599371,0.10504866,47.79274
2.0361366,2.0997841,34.219784,17.195738
0.56673825,0.653972,2.9954867,38.54177
1.167476,1.2535061,11.737112,28.724455
0.31512135,0.2928418,0.74023116,44.105427
0.915692,0.9284165,6.801796,33.25937
2.1145244,2.2564662,38.25141,15.852947
1.9530889,1.8905963,29.555641,18.95206
1.0806688,1.0776976,9.317109,30.745611
0.11542223,0.086392,0.08314347,48.002647
2.119802,2.1263628,36.059914,16.553331
1.7273219,1.5080788,21.03177,22.903936
4.3304377,3.0,111.010765,4.4483137
2.026783,2.1679893,35.232105,16.860304
1.0277494,1.0859416,8.942152,31.098627
0.45746523,0.3925327,1.4534254,41.863377
0.7102246,0.7621685,4.3412795,36.36139
4.3065753,3.0,110.18636,4.480838
0.749851,0.890481,5.420932,34.951912
0.10155635,0.15224352,0.13396713,47.49549
2.0947819,2.2101836,37.09209,16.223368
2.765651,2.7248566,60.294678,10.168592
1.810073,1.7608995,25.508526,20.667408
1.3955827,1.368497,15.28174,26.179638
1.057196,1.0961717,9.277023,30.785576
0.19851376,0.1487977,0.24619389,46.588432
1.8831893,1.8709422,28.187307,19.505512
0.90261054,0.9870959,7.1562567,32.892
2.072166,1.9876367,32.978287,17.646545
1.9939481,2.0054092,31.98998,18.003922
1.6703604,1.6384683,21.898727,22.386395
3.8991365,2.9521897,95.67476,5.4054275
1.6235123,1.6295521,21.164928,22.760588
1.4166447,1.29089,14.693117,26.597933
0.6073086,0.64497817,3.1392822,38.261955
1.6401408,1.6676042,21.883862,22.393517
1.8983259,1.9152235,29.08689,19.136227
4.610657,3.0,121.03264,4.151588
1.139723,1.1255012,10.262885,29.913483
0.87054753,0.9638427,6.747383,33.34294
4.172278,3.0,105.631615,4.685124
0.47734085,0.51247627,1.9619448,40.592316
2.1241195,2.020834,34.382614,17.146118
2.8742373,2.8183975,64.81842,9.278256
4.2011843,3.0,106.5998,4.6381063
0.60206574,0.67974,3.2981186,38.006474
2.2244856,2.1593487,38.444492,15.772779
2.9847376,2.915111,69.62613,8.408045
1.9513558,1.9079509,29.792265,18.855
0.11379828,0.04658926,0.06048243,48.411247
1.5404547,1.4883325,18.35254,24.30026
0.7391708,0.7364545,4.3549547,36.33248
1.2502106,1.4170146,14.283828,26.898705
2.7551813,2.8027642,61.78604,9.867056
0.8842918,0.8135581,5.7753954,34.46535
0.37114197,0.34715727,1.0330582,43.07527
0.43483478,0.42506427,1.4790437,41.77077
2.3981175,2.3330364,44.776108,13.882487
4.3712106,3.0,112.429924,4.395376
4.905276e-06,0.0069373585,0.00019250787,49.930626
3.4644058,3.0,84.00843,6.3580494
2.6326764,2.5870073,54.49437,11.426756
3.0490615,2.929758,71.521034,8.092062
3.2615788,3.0,78.55159,7.022108
2.870231,2.9655015,68.1297,8.6751
4.2466955,3.0,108.13769,4.5674677
4.926571,2.999185,133.06485,4.0086517
1.1274405,1.1293727,10.186419,29.978474
1.8130903,1.7467289,25.353434,20.740166
3.4357915,3.0,83.21865,6.4467483
1.4506364,1.4053848,16.31781,25.519241
1.6535155,1.6011543,21.191235,22.75111
1.0574479,1.0155196,8.597904,31.419802
1.2853217,1.3537289,13.938536,27.094128
1.7427065,1.7262428,24.06776,21.327446
1.6625658,1.6617749,22.102484,22.282215
2.8376515,2.846707,64.62403,9.312422
0.67875785,0.74970627,4.091087,36.738132
4.3756137,3.0,112.583984,4.3898582
2.0136914,2.0146816,32.45558,17.830166
1.1999114,1.2310959,11.821537,28.645313
2.659661,2.485376,53.003563,11.800521
3.0697868,3.0,73.69437,7.7257233
0.27700934,0.30082467,0.6689186,44.388885
1.113218,1.0929297,9.734999,30.372272
2.9830287,2.8744876,68.64456,8.585976
0.61340666,0.6160611,3.023196,38.46112
0.103613,0.10140516,0.08407464,47.97084
1.4992001,1.5650468,18.78789,24.054504
1.6763526,1.7547178,23.55677,21.57849
2.1732295,2.1025789,36.575058,16.385681
1.3645289,1.3195193,14.412281,26.762589
2.3016467,2.382307,43.891857,14.133427
3.0560403,2.9848895,72.99579,7.8396497
1.5437585,1.4924186,18.442017,24.248734
1.3048377,1.2373374,12.934421,27.811855
1.6812887,1.6947608,22.795784,21.93845
4.8893007e-06,0.0069241673,0.00019177647,49.93076
1.459597,1.4731845,17.202784,24.97288
1.8559226,1.929247,28.665771,19.314747
2.8748672,2.817258,64.80721,9.280553
2.3625972,2.4749694,46.829357,13.331673
0.119863994,0.122128874,0.11713135,47.609352
0.6711757,0.5502094,3.0128288,38.539352
0.8060518,0.80120283,5.166582,35.2191
2.8265352,2.856482,64.59516,9.318619
2.9122884,3.0,69.9257,8.35854
3.6148791,3.0,88.26941,5.91856
1.1478239,1.1076105,10.177202,29.989958
1.6636546,1.5489746,20.668276,23.04078
0.5589684,0.5648137,2.5258408,39.39364
1.6647471,1.7019156,22.6716,22.00127
0.9004616,0.90451473,6.515912,33.579216
1.0767072,1.0280526,8.864762,31.16859
1.7322749,1.7792449,24.665955,21.051289
1.0753809,1.04872,9.025031,31.015251
1.150939,1.1578467,10.6610775,29.577412
0.7030746,0.79837316,4.5268545,36.117237
2.0456603,2.0821915,34.080986,17.24173
3.619843,3.0,88.413055,5.9048333
1.6297461,1.6192896,21.112686,22.787815
0.8603526,0.7844039,5.421984,34.907932
2.4023821,2.3903635,45.94111,13.557821
0.7487185,0.78892076,4.7319016,35.806583
2.7967165,2.9014127,64.959274,9.258527
0.89420235,0.8404363,6.023724,34.159546
1.5664886,1.515344,19.000616,23.931826
2.669623,2.6510727,56.620293,10.948116
0.4928856,0.4906389,1.934651,40.648422
2.2207093,2.2091815,39.24813,15.513124
1.7919871,1.8109494,25.963022,20.461391
3.1649852,2.9896953,75.82164,7.4086046
0.30216706,0.34725368,0.84756017,43.71768
1.300479,1.3257918,13.795879,27.18626
1.1006141,1.1496868,10.1325245,30.030123
2.180986,2.2614894,39.484135,15.4462805
0.79825354,0.79077923,5.0501623,35.372215
2.350194,2.2588882,42.503952,14.535166
0.06826772,0.047310032,0.027594881,48.85112
6.189476e-06,0.007820976,0.0002446708,49.92179
0.29425582,0.28425243,0.66954374,44.3823
0.6322966,0.6642851,3.364295,37.87526
2.312609,2.2107108,40.941612,15.002205
0.5069185,0.43298203,1.7777591,41.045437
2.187284,2.2310789,39.0477,15.578296
3.2705986,2.9796033,78.29941,7.0728316
0.95794207,0.9630662,7.380598,32.635067
3.620814,3.0,88.44118,5.902154
1.5030106,1.4654263,17.62606,24.722145
1.6825587,1.5940319,21.487766,22.606037
1.9007676,1.7761787,27.070913,19.998264
1.8014208,1.7821527,25.68474,20.585451
1.2835894,1.2289786,12.63196,28.03231
2.0906606,2.2243032,37.273544,16.168749
1.2979001,1.2597103,13.085659,27.695309
3.148982,2.980171,75.19003,7.5059767
1.3283558,1.3576617,14.431098,26.7476
4.1058226,3.0,103.431114,4.7995534
3.7517593,2.9807162,91.84147,5.635612
2.881338,2.904372,66.949936,8.880386
3.7927096,3.0,93.53859,5.45755
3.1266084,3.0,75.10272,7.509596
1.6787314,1.8487102,24.943474,20.961452
2.5337007,2.605164,52.826073,11.817871
1.5163832,1.506018,18.270033,24.343494
0.6439628,0.5725259,2.969896,38.577583
2.7318587,2.6934056,58.869946,10.464843
2.6125772,2.6988316,56.437004,10.995164
3.0650997,2.9651098,72.74685,7.884617
1.7765341,1.8622661,26.496433,20.236107
2.5705943,2.5820723,53.10021,11.748386
1.9330698,1.9361806,29.942217,18.79305
2.9282112,2.7757783,65.11746,9.239471
1.4619817,1.5447803,18.094946,24.456116
1.703,1.69357,23.073551,21.802689
1.8077182,1.8124472,26.211239,20.351156
0.12668413,0.12282177,0.12453623,47.53607
0.40579972,0.4683106,1.5359528,41.642883
1.5487078,1.4922551,18.501286,24.21569
3.470911,2.9918067,83.99252,6.3709536
0.41338125,0.45395005,1.5078188,41.703644
1.0262883,1.0053891,8.2563,31.7473
2.8861585,3.0,69.31964,8.468327
1.7522339,1.6854258,23.643934,21.534386
2.133501,2.0353513,34.777927,17.005959
2.024306,2.0871668,33.816322,17.339352
2.4017668,2.4804916,47.685287,13.098738
0.16401473,0.2200618,0.3013121,46.234562
2.189681,2.2463696,39.363518,15.480373
1.5223798,1.4658766,17.865738,24.58387
1.222917,1.327318,13.029196,27.754948
1.9426498,1.8576434,28.898909,19.221794
0.6696897,0.724578,3.8939905,37.030823
0.58874744,0.50581145,2.409875,39.656876
0.5581094,0.52426726,2.3453689,39.762577
0.7063828,0.67519164,3.8194418,37.139114
2.6512735,2.7835803,59.110283,10.429032
0.8033019,0.78445554,5.042658,35.383095
2.6655872,2.5871923,55.19568,11.271124
3.5993886,3.0,87.82239,5.9617124
3.594144,3.0,87.671486,5.976431
2.1485932,2.1178389,36.406776,16.437374
3.9413307,3.0,98.13635,5.120781
1.9295429,1.9151995,29.564499,18.943699
1.0451661,1.1645106,9.793829,30.351688
0.87465394,0.8319397,5.8285728,34.391205
0.12224174,0.16980597,0.17510845,47.1233
2.2566268,2.3638077,42.719807,14.475607
1.3794595,1.4828967,16.407564,25.478329
1.4981059,1.5989528,19.203884,23.830383
2.5960689,2.6435692,54.912125,11.331651
1.7246878,1.6312103,22.54158,22.076412
0.6792361,0.75088763,4.1007757,36.723957
3.0692203,2.9904704,73.4521,7.766119
0.9174579,0.90735614,6.6600966,33.41688
2.6825294,2.6538417,56.95536,10.875128
2.3248913,2.2753997,42.330254,14.579653
1.2840414,1.3608583,14.00279,27.0517
4.728689,3.0,125.44201,4.0736094
1.4578514,1.5950713,18.678333,24.140356
3.1286175,2.9606729,74.21533,7.660928
1.5338886,1.4512488,17.835749,24.607565
0.41946793,0.4734515,1.6004386,41.470917
0.25773838,0.3015312,0.6294005,44.56465
0.66458666,0.68166023,3.6253443,37.44387
1.1416359,1.1303489,10.324085,29.861172
2.364383,2.292903,43.390842,14.274851
1.0465311,1.0027142,8.402653,31.60821
1.8744414,1.8753159,28.12136,19.532768
1.6384304,1.6192355,21.22551,22.72972
2.5255797,2.5034604,50.583466,12.355466
3.6790807,3.0,90.14254,5.7448277
1.2765139,1.3856277,14.197808,26.928034
1.0659246,1.1518532,9.851845,30.285183
2.878894,2.7831426,64.13566,9.4135475
0.25348833,0.17712364,0.38251644,45.78951
2.596411,2.5640192,53.262177,11.711243
2.9559615,2.898473,68.55542,8.594509
0.37775603,0.30530587,0.9436451,43.40529
1.9721597,2.0474017,32.32507,17.885654
2.0276837,2.0545104,33.330055,17.510574
1.0926698,1.0866517,9.498957,30.581522
2.967685,2.8853087,68.52864,8.602223
2.4161606,2.4954758,48.260925,12.948868
0.93192905,0.8189808,6.156885,34.03012
2.8028471,2.811854,63.049896,9.615464
0.35903025,0.34265697,0.9852661,43.229446
1.1493511,1.102093,10.1424675,30.021175
0.539439,0.47676513,2.0731978,40.356255
2.478673,2.530754,50.194145,12.454266
3.490906,3.0,84.7457,6.2773647
2.584661,2.5156476,52.03582,12.005869
2.823737,2.8922029,65.35331,9.17893
1.84003,1.9794897,29.216358,19.108892
2.017127,1.9527446,31.528051,18.183298
1.9084158,1.8144445,27.737038,19.705656
1.9851031,1.9334404,30.715305,18.493391
2.7863019,2.8682535,63.961426,9.444803
0.6514397,0.721642,3.7805638,37.214325
1.1139716,1.1057414,9.854387,30.266464
1.7068883,1.6865938,23.032265,21.823246
2.6933646,2.6967907,58.107574,10.6253395
2.7799106,2.6823707,59.692062,10.300203
3.522765,3.0,85.639496,6.1822233
1.9822195,1.9523635,30.963669,18.395088
1.4549751,1.4940774,17.396881,24.858696
1.6867988,1.7001954,22.943819,21.866013
0.47188377,0.4267467,1.6191481,41.41848
2.4767559,2.388516,47.357315,13.18661
3.0279458,2.9556906,71.61825,8.068199
1.4581294,1.3549019,15.847602,25.831589
0.075240046,0.06882914,0.04159406,48.569706
2.7244096,2.7226,59.339832,10.364862
1.4196326,1.4334834,16.280926,25.539074
2.0229588,2.032059,32.8865,17.671448
0.96286285,0.9158993,7.0639057,32.978355
1.058766,0.9603746,8.17322,31.851898
3.1173267,3.0,74.8709,7.5444584
2.1387706,2.103772,36.000782,16.574772
2.8459244,2.6632516,60.768776,10.100435
2.2387655,2.2069929,39.531555,15.425304
2.4978328,2.4569979,49.104027,12.727701
1.7630308,1.7599207,24.822395,20.976086
0.51846576,0.43986446,1.84915,40.878983
0.23112428,0.29812485,0.5691874,44.849804
2.7406373,2.7072527,59.36124,10.36141
1.5981245,1.5153843,19.401566,23.715305
2.3560302,2.252783,42.50364,14.537777
4.0240674,3.0,100.77248,4.9524446
2.000483,2.0914898,33.505047,17.456533
1.470381,1.4831729,17.447289,24.826283
1.0681304,0.97912675,8.398367,31.627018
2.0040255,1.9229149,30.854877,18.444317
1.9224517,1.9869772,30.575596,18.54961
0.9989508,1.0542588,8.437457,31.577267
2.367352,2.4568973,46.562798,13.398207
0.4396268,0.47501412,1.6756406,41.2725
4.4297194,3.0,114.489655,4.32522
0.81616944,0.7187297,4.7308197,35.833717
2.9518397,2.860342,67.57966,8.773097
2.1228428,1.9637245,33.450703,17.497002
2.18431,2.2513912,39.35989,15.482962
0.3423549,0.28605857,0.79614556,43.9149
3.7726357,3.0,92.93112,5.506423
1.9307725,1.9324015,29.848232,18.830318
1.7818056,1.7920113,25.544544,20.647968
2.4136932,2.4550703,47.41314,13.16565
1.8780149,1.8212537,27.37562,19.851217
2.5026407,2.526774,50.591187,12.353651
2.929595,2.8103123,65.92153,9.081309
1.7158055,1.7362348,23.834,21.438099
1.9470178,1.9367473,30.167473,18.704218
2.4596162,2.4130268,47.48964,13.145981
1.3638331,1.1709354,12.924521,27.883446
2.4783192,2.5264924,50.100918,12.477114
2.2561772,2.1534004,38.909874,15.631693
5.78914e-06,0.007649303,0.00023404747,49.923508
1.0610386,1.1471483,9.767008,30.359886
0.23454235,0.20798026,0.3930636,45.673042
2.8010006,2.769139,62.05494,9.812339
2.1686387,2.114282,36.692726,16.343975
2.0272002,2.0869534,33.85966,17.32338
2.604802,2.6816642,55.905262,11.111654
1.6850926,1.7194319,23.183931,21.75074
2.219604,2.2205973,39.43078,15.455681
2.3861399,2.3596313,45.046093,13.803812
2.7528,2.8066854,61.821564,9.860537
2.0130622,1.9772578,31.847874,18.058767
3.332036,3.0,80.40985,6.7821035
2.0159464,2.052866,33.113194,17.590176
2.4414704,2.5540853,49.936516,12.528573
1.9488358,1.9616268,30.583763,18.541315
0.5451173,0.5771271,2.5209143,39.407784
2.9224513,2.8315463,66.233505,9.0184
1.416449,1.3728231,15.563884,25.99825
1.488175,1.40941,16.804405,25.225252
1.3700466,1.4080359,15.438372,26.07877
0.5082655,0.47655472,1.9417528,40.637234
1.9691551,1.9672158,30.99004,18.3838
1.5215167,1.5091548,18.370245,24.285845
2.4943345,2.4829128,49.54624,12.614088
3.3221374,3.0,80.146385,6.8152227
2.4177153,2.4148464,46.70732,13.351213
0.8902733,0.8544091,6.0904055,34.075775
3.3346033,3.0,80.47832,6.773546
1.9036479,1.9254724,29.325277,19.040117
0.50171524,0.4924478,1.9768921,40.55259
1.8286417,1.8085843,26.45963,20.24265
2.4131699,2.381253,45.975018,13.549526
0.7515895,0.7023837,4.2329183,36.5185
3.6373563,3.0,88.92145,5.856798
4.4198375,3.0,114.139854,4.3365884
1.6642021,1.7301486,23.05193,21.819477
2.1437805,2.2692509,38.98118,15.614981
1.9846838,2.0531673,32.617863,17.775955
0.69967216,0.75111806,4.214878,36.545815
2.8075275,2.9448721,66.217926,9.030485
2.7977357,2.8486633,63.76883,9.478218
2.1859424,2.163323,37.83324,15.965656
4.344433,3.0,111.49638,4.4297686
1.5867734,1.4296144,18.24659,24.397768
0.4468084,0.5082724,1.8319143,40.907173
0.38891417,0.35486737,1.1087403,42.83937
3.6632814e-06,0.0060886703,0.00014828768,49.93911
2.1605554,2.189651,37.85028,15.960506
3.359673,3.0,81.14961,6.690673
2.8543262,2.9079225,66.412766,8.980703
4.3689604,3.0,112.35126,4.398211
1.9519541,1.8734286,29.279438,19.066032
0.25879735,0.23992617,0.49816257,45.137306
2.816797,2.909789,65.60487,9.135357
2.8739064,2.9396548,67.60363,8.765297
0.5991349,0.593447,2.8445683,38.78532
4.387048,3.0,112.98475,4.3757105
2.651534,2.5928147,55.013283,11.309834
4.663026,3.0,122.97524,4.1135516
0.36816293,0.43313053,1.292584,42.310207
2.1541312,2.1566231,37.16522,16.183762
2.76198,2.603855,57.634377,10.750244
2.7633312,2.6453388,58.535263,10.547117
2.7580645,2.6932564,59.4422,10.347341
3.7697341,3.0,92.84358,5.513554
1.378991,1.2222376,13.581924,27.383194
0.7698466,0.68768287,4.262286,36.490276
2.1863556,2.1666756,37.898537,15.944323
0.4452496,0.40757704,1.4574649,41.8361
2.7282994,2.7587304,60.216843,10.183912
0.4687732,0.50597966,1.903055,40.728233
1.9565923,2.0060284,31.409615,18.226196
1.4365622,1.4843762,17.068335,25.057701
2.0676186,1.9923681,32.97831,17.64471
1.8390718,1.782424,26.236881,20.344263
0.9800988,0.94874865,7.4428706,32.572243
2.083825,2.1811943,36.399742,16.449741
0.83703977,0.8204255,5.494934,34.79908
0.45134407,0.42004117,1.5205842,41.666294
0.6459273,0.56339955,2.9385645,38.641373
0.46643737,0.46557853,1.7373087,41.114166
2.6794364,2.7714267,59.440742,10.351554
3.3254294,3.0,80.233925,6.804187
4.345364,3.0,111.528755,4.4285483
1.9763787,2.0773196,32.885315,17.684347
1.1458328,1.0281239,9.479885,30.630405
2.7697942,2.8597167,63.398956,9.55463
2.5857122,2.3766825,49.338108,12.71058
3.0652752,2.963508,72.713165,7.89046
1.482899,1.4644532,17.37445,24.87009
1.5510095,1.5926062,19.7681,23.505867
1.2820159,1.3029294,13.364759,27.491737
1.3167698,1.1990623,12.686533,28.013311
1.9180517,1.8552328,28.483246,19.387966
0.77439004,0.82912683,5.148525,35.25196
1.5869701,1.6600475,21.096928,22.804054
0.7617441,0.7339386,4.4756794,36.162094
2.0454628,2.1889014,35.900833,16.631565
0.30345404,0.33097035,0.80650294,43.857384
3.6249318,3.0,88.560524,5.8908124
1.9423075,1.8918123,29.406048,19.010315
0.04589992,0.0,0.008427211,49.543106
2.5255604,2.594312,52.43564,11.910187
1.6997416,1.6112398,21.94086,22.3754
2.7819207,2.769705,61.641396,9.894092
0.19438545,0.18116261,0.2824224,46.315125
0.753425,0.8476461,5.144613,35.27544
3.329072,3.0,80.33089,6.7920003
1.4669689,1.5410285,18.107067,24.446793
2.7427402,2.7029512,59.314274,10.3716545
0.6295668,0.61302996,3.0886402,38.34619
2.805325,2.8573596,64.13741,9.407506
2.7970188,2.8446677,63.661797,9.498584
0.6261132,0.63456225,3.178748,38.187935
1.8860564,1.8004564,27.195408,19.933723
2.2968183,2.2305791,41.00343,14.976883
0.3402019,0.24105206,0.6953738,44.361305
1.4903349,1.4308326,17.07352,25.056704
0.63695335,0.6335759,3.228512,38.101837
2.791673,2.8532064,63.7369,9.485432
2.1860428,2.2206035,38.83945,15.6434
4.4518194,3.0,115.27479,4.300502
0.6796342,0.6254523,3.412373,37.80223
1.993581,2.01127,32.07829,17.971062
1.8659936,1.8141495,27.092281,19.971642
1.5476135,1.6472983,20.434797,23.15958
4.7491455,3.0,126.21753,4.062928
0.6238721,0.66143227,3.3068361,37.973663
2.0452983,2.0787923,34.018494,17.263716
2.954997,2.914115,68.8963,8.532953
2.0559177,2.0634072,33.93779,17.291199
1.4648865,1.3862138,16.269924,25.556477
0.619719,0.68479806,3.4120002,37.807827
4.0485263,3.0,101.56226,4.905302
0.68959004,0.6775689,3.7385361,37.263046
2.3994987,2.4196746,46.449677,13.420687
2.5691657,2.5896275,53.227135,11.718851
1.6474442,1.6407737,21.624844,22.52403
2.230485,2.2276616,39.75016,15.356073
0.17202479,0.1729898,0.238072,46.609375
1.2740397,1.21634,12.410641,28.198864
2.349662,2.2191677,41.78247,14.757319
2.1333091,2.2072694,37.692184,16.017262
0.8842276,0.946253,6.7090125,33.372448
0.8960065,0.86300975,6.1904545,33.95745
2.9534712,3.0,70.89197,8.18828
2.4520054,2.5630426,50.326073,12.431038
1.041401,1.0772876,8.980258,31.058178
2.573344,2.7313566,56.329636,11.035402
2.9215102,2.9768667,69.58783,8.413188
0.98225456,0.96436137,7.5792675,32.428658
1.8130481,1.8237993,26.453548,20.244915
0.00012427139,0.035256747,0.004972215,49.64743
1.1542064,1.0900313,10.081442,30.077986
2.1100965,2.1572912,36.42565,16.432537
2.0604508,2.0133715,33.196487,17.560898
2.8935804,2.9115438,67.39958,8.798653
2.9050767,3.0,69.75789,8.388703
2.51717,2.359762,47.618484,13.135302
2.3725212,2.3649025,44.886482,13.8473835
0.64206845,0.5921321,3.0514894,38.420868
2.5168664,2.4822764,49.985252,12.504885
2.0339382,2.1352825,34.785343,17.004128
2.7777038,2.679539,59.582268,10.32314
0.67243826,0.6343557,3.4183216,37.786644
2.5613618,2.713506,55.694756,11.175011
2.900784,2.916299,67.6774,8.748517
1.7674918,1.770176,25.030201,20.880873
1.6175121,1.6710521,21.635042,22.523117
2.0030043,1.9353834,31.030941,18.37386
1.5860732,1.5698928,19.920765,23.420532
2.6664453,2.6849942,57.276497,10.804729
2.4730322,2.387967,47.2731,13.208282
2.433319,2.433815,47.37799,13.173157
1.3714335,1.3861074,15.208494,26.226715
1.0129488,1.0691873,8.676907,31.347866
2.7452216,2.8656662,62.993137,9.639406
2.4504535,2.4871929,48.763405,12.814386
2.9367943,2.8921676,67.95758,8.699776
1.7600276,1.6545664,23.341148,21.689348
0.4649137,0.39707857,1.4952645,41.75389
1.5029566,1.4999063,18.03439,24.479969
2.1476796,2.2170126,38.110687,15.880751
0.031203553,0.04880294,0.013421554,49.20329
1.7117186,1.7519699,23.997517,21.362495
0.18886301,0.22318114,0.34191623,45.96504
2.9381914,2.8010232,65.9148,9.086554
0.053520188,0.06920499,0.030614965,48.780403
2.3816042,2.3727326,45.207596,13.758531
2.16032,2.1874313,37.807354,15.974325
2.1798964,2.283219,39.86015,15.333883
3.054866,3.0,73.32883,7.783546
2.4649067,2.3582704,46.54882,13.405434
1.6224022,1.6666931,21.640219,22.5191
1.0547875,1.0936563,9.234644,30.824223
1.9338893,1.8509992,28.664505,19.31724
1.1670284,1.1521646,10.757754,29.497509
2.5041041,2.580013,51.70802,12.085833
2.5258443,2.4463763,49.458588,12.64244
1.6922026,1.7900064,24.27069,21.245583
1.7342613,1.8801705,26.170813,20.398388
2.5935915,2.5745878,53.420876,11.673426
1.6093973,1.6489171,21.23635,22.725943
0.019737411,0.04470987,0.009554151,49.357918
1.8011131,1.8862823,27.208279,19.928114
2.90374,2.9872458,69.42137,8.445486
1.229181,1.2472589,12.266163,28.302141
2.6170669,2.4905515,52.207542,11.975702
1.731982,1.5645295,21.790058,22.482399
1.8886913,1.8946571,28.627522,19.323395
2.2724776,2.113747,38.52832,15.7698345
2.7893744,2.8091495,62.68772,9.686691
3.099093,3.0,74.41751,7.6134477
0.91910845,0.940253,6.915344,33.135223
0.9674741,0.9152108,7.0944676,32.94677
2.5113525,2.543976,51.114822,12.22542
2.0896213,2.0384147,34.08661,17.241291
1.8854913,1.9515564,29.4546,18.993172
0.58335626,0.44198802,2.1426318,40.28221
0.35392705,0.3688937,1.0453877,43.03314
4.2332826,3.0,107.682724,4.587856
2.2856343,2.289243,41.85903,14.715984
1.1552018,1.1203569,10.358763,29.834103
2.284131,2.3038738,42.100357,14.6450405
1.9790435,1.9102863,30.263227,18.672508
2.0854537,2.0079045,33.523193,17.447216
3.1242073,2.989226,74.78458,7.5618095
1.5032159,1.37953,16.651043,25.335304
0.055975303,0.12934034,0.079448625,48.166706
0.37699053,0.4575345,1.4058387,42.006214
1.9352963,1.955684,30.280285,18.660269
4.465984,3.0,115.780045,4.2851734
0.65288216,0.5936375,3.1146426,38.313465
1.0431846,1.1126411,9.304817,30.767946
0.48719284,0.4374817,1.7149885,41.182003
3.6045904,3.0,87.97229,5.947168
1.9108753,1.786395,27.370605,19.869947
1.5783303,1.6139967,20.384449,23.172842
2.758987,2.7300382,60.260468,10.174866
0.49696562,0.45253032,1.807034,40.956802
2.2454243,2.252893,40.469826,15.134285
1.984473,2.0487068,32.54133,17.803535
2.904479,2.8173702,65.49429,9.155081
3.0722308,3.0,73.75441,7.7162943
1.1048489,1.089917,9.634439,30.460953
1.766528,1.783661,25.208271,20.800179
2.0340948,1.9928387,32.43579,17.839611
0.3376825,0.37331033,1.0135603,43.143463
1.1635321,1.2380408,11.546208,28.870821
1.5455812,1.4740592,18.246689,24.365269
3.0414736,2.9795554,72.513245,7.918022
1.0196738,1.0876468,8.8908415,31.149502
2.449291,2.4793367,48.58455,12.859859
2.0287077,2.1378355,34.74398,17.020565
0.0047277985,0.022551103,0.0021236173,49.72774
4.182582,3.0,105.97597,4.6681724
2.2576249,2.404043,43.505173,14.259615
4.611277,3.0,121.055504,4.1511054
2.2451031,2.2808566,40.97118,14.983198
2.3420577,2.4168003,45.30463,13.737577
2.1569104,2.1404672,36.935448,16.260086
1.6812712,1.7477739,23.525545,21.590937
2.2095318,2.324462,41.140617,14.945217
1.77726,1.7841204,25.366955,20.727936
2.6304028,2.7800496,58.590775,10.543171
1.1936444,1.2259268,11.710733,28.73197
1.0914292,1.1524774,10.077688,30.080357
1.1259607,1.0587249,9.554743,30.541828
1.5178678,1.4500049,17.625748,24.727709
2.8406444,2.7066567,61.581005,9.922241
4.9812527,3.0,135.25151,4.0003514
0.32009777,0.31156284,0.79813594,43.882927
1.3891659,1.5201064,16.96202,25.147783
2.3245609,2.366188,44.009716,14.09494
2.6257384,2.7559192,57.958374,10.6730175
2.3900342,2.2894628,43.815613,14.158934
2.1762078,2.2289314,38.816063,15.652624
2.9055452,2.813951,65.442055,9.16555
1.8314986,1.9210616,28.17946,19.519264
1.5919071,1.6360615,20.843464,22.93118
1.2944939,1.3282448,13.759795,27.212563
2.351739,2.4271903,45.687714,13.632637
3.4222677,3.0,82.847664,6.489239
2.8280404,2.793677,63.209778,9.58527
1.6880963,1.6565622,22.37547,22.147282
2.6295452,2.689757,56.597206,10.956278
2.9678218,2.9069796,69.03398,8.510483
0.87781715,1.0255228,7.2890396,32.78886
1.0765678,1.0776857,9.281618,30.77787
2.6723976,2.7686114,59.227673,10.396828
1.2038267,1.1389859,10.9859495,29.318361
0.93596834,0.9644855,7.225076,32.801727
4.261751,3.0,108.65009,4.5450115
2.585738,2.7065487,56.045784,11.08858
1.4601232,1.4526824,16.968983,25.11419
2.2047784,2.3111422,40.809704,15.04322
2.7230024,2.8786676,62.805878,9.684769
2.1574025,2.1499822,37.10724,16.202961
0.91402256,0.850428,6.23466,33.91416
0.8057408,0.91779065,5.9662313,34.256245
0.42146394,0.4551866,1.5393069,41.618317
2.0588171,2.082777,34.306755,17.160748
1.7026666,1.6278979,22.196499,22.24348
4.614337,3.0,121.16842,4.148736
2.976911,2.8646078,68.27191,8.652788
1.2021328,1.2624165,12.155275,28.393326
0.4494836,0.31120896,1.1955462,42.691963
2.9573536,3.0,70.983765,8.172404
2.2086167,2.196004,38.80168,15.654215
0.94988525,1.0615829,8.116961,31.914558
0.6851718,0.7105793,3.8975332,37.016876
1.8198392,1.8698822,27.233097,19.91106
0.5865001,0.6058086,2.8439457,38.787895
1.6029764,1.6705534,21.44113,22.624985
3.6628613,3.0,89.666214,5.78794
0.8571292,0.85143244,5.838431,34.373993
1.7702324,1.9596939,27.896492,19.674858
0.76056117,0.7957031,4.846387,35.648956
2.5099306,2.552639,51.26287,12.1900215
0.5992142,0.60585856,2.904489,38.675392
0.6049224,0.57787514,2.7994833,38.871895
1.5040735,1.4706128,17.699757,24.678076
0.07108214,0.052049726,0.031047378,48.776443
1.6869076,1.798443,24.320217,21.226547
0.33462277,0.39543045,1.0733505,42.967804
2.2859087,2.4184127,44.296394,14.030885
2.1388254,2.1034307,35.99598,16.576435
1.0088859,0.93893653,7.59781,32.421227
2.9174078,2.921932,68.195816,8.655558
0.16084646,0.23806083,0.33017817,46.093475
2.3003945,2.202535,40.5719,15.11368
1.9800045,2.0101244,31.844074,18.059729
3.6665928,3.0,89.77561,5.7779746
1.3506157,1.2633711,13.681078,27.280403
2.0880418,2.089391,34.901894,16.951145
2.3774452,2.496978,47.548584,13.142913
1.3768175,1.2274601,13.6091385,27.359509
0.8153809,0.75810355,4.9582677,35.504723
1.1620826,1.1930003,11.094742,29.222857
0.9744014,0.9869097,7.693795,32.310337
1.796643,1.7352471,24.956036,20.920107
2.403094,2.304121,44.33534,14.011684
0.3072515,0.30797058,0.75699747,44.03703
1.1912919,1.1308641,10.79212,29.47647
2.6912808,2.7302818,58.789726,10.481804
1.6289524,1.5113723,19.750927,23.534485
4.231005,3.0,107.60562,4.591353
1.7238564,1.7739007,24.47362,21.140833
3.3725078,3.0,81.49524,6.6487308
2.9077,3.0,69.81888,8.377719
3.4480255,3.0,83.55552,6.4086246
2.117545,2.1065488,35.686176,16.680607
3.6586595,3.0,89.54315,5.7991943
0.8924681,0.7666017,5.53671,34.79348
3.2964919,3.0,79.46744,6.90194
2.6681614,2.7726412,59.226498,10.398599
2.318033,2.3578265,43.73049,14.174028
1.4675086,1.4792948,17.367577,24.873861
1.4352306,1.5594472,17.967049,24.544983
1.2664694,1.3749937,13.978209,27.07992
2.525682,2.5049715,50.615807,12.347417
2.5811918,2.6906676,55.60897,11.183649
1.3664814,1.3788956,15.074499,26.314854
3.4975474,3.0,84.93135,6.257364
1.7312601,1.7249542,23.890915,21.410587
1.5792103,1.5823643,19.991127,23.382036
2.0487578,2.1212072,34.787716,16.997278
2.5907478,2.6380935,54.686043,11.383099
2.0029206,1.9885367,31.863876,18.051395
2.1135468,2.084103,35.242264,16.834066
2.069083,2.073971,34.32984,17.15192
2.2162576,2.1897202,38.826687,15.646894
1.6715835,1.7068514,22.830132,21.923183
0.60751355,0.75123304,3.733695,37.34596
1.6751531,1.8154736,24.408329,21.195814
2.558716,2.5025668,51.239475,12.197041
1.3713248,1.4468585,15.895725,25.792099
2.513925,2.4292533,48.884365,12.789307
1.8115371,1.7025739,24.721699,21.039314
0.9054682,0.87979233,6.3756294,33.741302
4.2674866,3.0,108.845764,4.536576
2.0074759,2.1054225,33.85105,17.33378
3.1377516,3.0,75.38194,7.467969
2.1460266,2.064653,35.472885,16.761427
1.9731807,1.9116244,30.191,18.6997
3.4163346,3.0,82.68536,6.507996
0.59233385,0.5827371,2.7617676,38.939735
0.26947153,0.2863779,0.6185088,44.59613
0.14127284,0.08438663,0.10831648,47.77048
2.1766918,2.1300383,37.1002,16.207748
1.5142214,1.5844061,19.212837,23.816933
1.6570138,1.7620523,23.402092,21.659863
2.9089065,2.9565928,68.81271,8.548185
1.4214349,1.4827082,16.875603,25.177471
0.37119618,0.32610428,0.97652245,43.271126
4.28896,3.0,109.58071,4.505578
0.7172428,0.6674526,3.8397207,37.112976
2.0324917,2.0716915,33.69171,17.381096
2.634929,2.6530886,55.926918,11.101555
0.4875243,0.5480804,2.1522882,40.182022
0.54868454,0.45481116,2.0316315,40.472954
1.8931557,1.9394948,29.382715,19.019173
1.0128012,1.0214926,8.276854,31.726276
1.9755405,1.9867392,31.39957,18.227095
0.84889466,0.962222,6.585973,33.535324
0.015658814,0.054777775,0.012983212,49.29888
1.9323591,2.011684,31.123535,18.340454
1.4373679,1.4190041,16.318398,25.51588
1.9587035,2.0374231,31.95045,18.026346
0.3302309,0.34100595,0.90135,43.51297
1.7095586,1.7968322,24.604786,21.08729
1.8151404,1.82482,26.49881,20.2251
5.0484377e-06,0.0069603627,0.00019378669,49.930393
1.8359994,1.8454896,27.106903,19.961836
0.047553662,0.007985654,0.009300486,49.446934
0.27788392,0.34810147,0.7935764,43.938538
2.7574286,2.7412283,60.47098,10.131176
2.0836232,1.9635775,32.78849,17.725117
2.0551314,1.8944669,31.250278,18.316586
2.153841,2.125725,36.63095,16.362078
1.360525,1.2875038,14.034778,27.028406
1.5436537,1.5946623,19.703259,23.542656
2.2307491,2.3209414,41.45204,14.846106
1.8552163,1.8382449,27.283886,19.88636
1.1381078,1.1283474,10.2738285,29.903904
0.41599107,0.4226792,1.4068251,41.965008
2.0357277,2.0915794,34.07557,17.24582
2.454553,2.5300221,49.70337,12.580091
0.8687273,0.913816,6.3589873,33.764313
4.4305944,3.0,114.52067,4.3242226
0.41372752,0.38144213,1.2666743,42.36497
2.4736342,2.5755868,51.010056,12.2603035
1.9695039,1.9882532,31.328386,18.254526
1.9705302,2.0080187,31.660515,18.12964
3.0631068,2.970302,72.82127,7.871229
0.6818251,0.7301131,3.9918025,36.87857
2.7047782,2.7144876,58.73707,10.49161
2.7443662,2.612042,57.417236,10.790228
3.8671381,3.0,95.81903,5.2833757
0.37414363,0.38084304,1.1400995,42.73516
1.9322264,2.022749,31.300049,18.275259
1.2615056,1.182267,11.956606,28.551426
2.7770152,2.7643578,61.413948,9.939757
1.1683338,1.0843418,10.163204,30.014046
3.0054328,2.9828143,71.71923,8.047337
3.5306256,3.0,85.86127,6.1590614
2.12632,2.054957,34.976337,16.931316
0.7599369,0.70614743,4.3045936,36.415306
1.698273,1.6992525,23.08636,21.796335
2.3339355,2.2912703,42.788696,14.445117
1.9373438,1.9192452,29.747213,18.870913
4.9000496e-06,0.0069205198,0.00019157448,49.930798
0.42575938,0.38810235,1.327578,42.193275
2.0448742,2.1346111,34.9523,16.943222
2.3648558,2.4146986,45.69325,13.6277685
4.171517,3.0,105.60622,4.686384
2.848028,2.9120965,66.36627,8.990325
2.8906045,2.78634,64.47714,9.34984
1.4295808,1.3929225,15.935738,25.758904
1.5220715,1.5632565,19.04189,23.907192
2.416344,2.2793307,44.13627,14.07732
3.004279,2.9968832,72.028,7.9953794
3.6099534,3.0,88.12706,5.9322295
1.2227306,1.2197905,11.931836,28.557747
2.7266808,2.65844,58.008366,10.650883
0.9168181,0.9782254,7.1899214,32.847046
0.6429819,0.6848478,3.5297687,37.604145
1.9207355,2.020541,31.087242,18.359047
0.2978673,0.35289448,0.8530378,43.705643
1.7046348,1.7895081,24.432476,21.16669
4.12416,3.0,104.034775,4.767096
1.1008806,1.1066701,9.746628,30.361149
0.88721156,0.77513605,5.551921,34.764503
1.5632325,1.526482,19.095373,23.876698
2.0866146,1.9590646,32.76758,17.735104
1.2147807,1.2200605,11.856958,28.61583
1.0012692,1.0656822,8.552875,31.468704
1.9551926,1.9332384,30.240753,18.675879
0.3838101,0.44023004,1.3644507,42.100716
0.60890216,0.5522429,2.7029362,39.064285
3.3425121,3.0,80.689545,6.747266
1.463857,1.4369172,16.830433,25.199863
0.8058066,0.8106799,5.2261047,35.141663
1.7933836,1.7562888,25.203098,20.80405
0.5952067,0.60563624,2.884265,38.71264
2.696934,2.7477455,59.294235,10.376763
1.7635254,1.7536905,24.74181,21.013294
2.8942993,2.9296741,67.839836,8.720224
0.14182428,0.1578648,0.18014167,47.04815
2.8023949,2.8179758,63.17762,9.590698
3.440601,3.0,83.350945,6.4317245
3.4718566,3.0,84.21515,6.3352222
3.2625682,3.0,78.57741,7.018669
0.9897087,1.0079614,7.9820385,32.018806
1.8296334,1.7632608,25.826588,20.527706
0.99052346,1.0505168,8.338889,31.67432
1.5354016,1.6038156,19.71873,23.53751
1.9845517,2.004846,31.831413,18.063877
1.3501607,1.3454481,14.532659,26.677078
2.6011472,2.5183,52.431206,11.913329
2.8123994,2.9040003,65.37123,9.178811
1.7367065,1.6025461,22.337215,22.191776
0.85758173,0.88314843,6.06159,34.1081
2.792086,2.7513266,61.462166,9.931417
2.1458833,2.1958628,37.706512,16.009167
1.6822119,1.6526588,22.244473,22.21241
0.6335889,0.5498688,2.8151624,38.869217
1.1714864,1.1916193,11.169348,29.16128
4.5935435,3.0,120.402565,4.165207
1.098668,1.0330853,9.097347,30.956802
3.0454936,3.0,73.10013,7.820095
1.699956,1.687928,22.955807,21.860111
3.26273,3.0,78.58163,7.0181074
2.1026149,2.0567052,34.604103,17.057823
0.7367599,0.73319405,4.3215547,36.38085
2.7999249,2.9180524,65.418434,9.174836
1.1365161,1.1403481,10.36825,29.823421
2.0024526,1.9167573,30.735102,18.491676
0.84874505,0.91384876,6.2219505,33.92955
1.6730151,1.6109989,21.577187,22.554157
1.1720768,1.2154431,11.404264,28.975868
3.5733573,3.0,87.07553,6.0353093
2.4395337,2.3382993,45.675873,13.640638
3.0126562,2.954956,71.23145,8.131741
3.530117,3.0,85.84691,6.160556
2.8126104,2.7432628,61.74507,9.877537
0.17336977,0.19096336,0.26609632,46.423195
2.7536464,2.8124945,61.97077,9.8312845
2.4853787,2.5369146,50.45217,12.39011
2.4538896,2.3872213,46.8816,13.30929
1.6947596,1.6561173,22.45974,22.106165
0.93807125,0.9596003,7.203242,32.824097
2.0761836,2.1487865,35.71129,16.67812
2.0716667,1.9535546,32.432716,17.855965
2.7089853,2.6280313,56.9806,10.874985
0.13796024,0.19344479,0.22581565,46.7424
1.1420447,1.0601639,9.712853,30.406128
1.9912077,2.1161208,33.7715,17.36959
2.0528119,1.9894724,32.68815,17.749195
3.7566524,3.0,92.44975,5.545913
2.299107,2.3809109,43.81852,14.15445
2.0535383,2.0281978,33.322422,17.513245
2.165619,2.1011631,36.419167,16.436972
2.9039721,2.9975898,69.67439,8.402979
1.5842375,1.4128953,18.024326,24.534754
1.1689252,1.2143945,11.364559,29.007942
0.7013283,0.621358,3.5117884,37.651085
3.2630203,3.0,78.5892,7.0170984
2.9948483,3.0,71.876465,8.020634
1.2648757,1.4044502,14.289562,26.879131
1.6043183,1.5604794,20.035732,23.360958
0.98151827,1.0041885,7.8870907,32.114704
1.4460474,1.4601859,16.892784,25.160862
3.6035664,3.0,87.942764,5.9500265
2.7059348,2.638317,57.131203,10.8402815
2.6592076,2.6105464,55.54535,11.188798
0.33812225,0.3181966,0.8623029,43.65238
1.670765,1.691703,22.613258,22.028637
2.2495685,2.3959384,43.204315,14.34601
2.4207027,2.4607396,47.660164,13.100618
0.14527696,0.12238914,0.14433798,47.35942
1.3880374,1.4794782,16.462015,25.440346
2.915197,2.8578842,66.6635,8.935064
1.6797937,1.693103,22.75322,21.95934
1.462224,1.3855087,16.230932,25.580406
0.3661265,0.34612265,1.015398,43.131355
1.3258042,1.3913516,14.774464,26.522057
2.7271583,2.751271,60.02754,10.222591
1.4413618,1.4195613,16.370712,25.483446
2.5350378,2.4842582,50.391823,12.404996
2.366605,2.176678,41.35499,14.905916
2.832125,2.8744733,65.13412,9.217546
2.1084695,2.035626,34.357666,17.148462
0.4689976,0.4234067,1.5969279,41.47519
2.6052234,2.6147327,54.496063,11.424455
1.766161,1.813199,25.628061,20.613415
1.2869248,1.3102989,13.492235,27.400822
1.2276973,1.140544,11.232325,29.125668
0.27883986,0.29038805,0.64830756,44.469795
1.3847431,1.3811134,15.299952,26.16642
2.221364,2.1998858,39.095825,15.561457
1.5402719,1.5721654,19.376566,23.719769
0.48810703,0.50304765,1.9652216,40.579758
2.9909241,3.0,71.78251,8.0363865
1.1730889,1.1408776,10.710958,29.538073
1.5375099,1.475189,18.160477,24.41313
4.0026407,2.997813,100.03207,5.0034785
2.5852067,2.5267403,52.270844,11.94824
1.5885775,1.5257269,19.405685,23.708378
2.145554,2.2508903,38.679634,15.705465
4.4958677,3.0,116.8513,4.2541494
1.6690934,1.7123607,22.872208,21.903511
1.9817846,1.976891,31.342274,18.248812
0.8690764,0.9362196,6.5272036,33.578842
2.6534033,2.7348814,58.080498,10.637278
1.7000451,1.7303001,23.536367,21.580639
1.8583812,1.8964534,28.200464,19.50177
1.4739075,1.5679373,18.523323,24.212383
2.4144943,2.4557412,47.441788,13.1580925
4.052118,3.0,101.678635,4.8984804
2.963007,2.8405287,67.39206,8.812656
1.6598064,1.6954795,22.518433,22.076752
4.6231527,3.0,121.49416,4.142014
3.0730753,2.9984176,73.7372,7.719371
0.81107247,0.8636906,5.6152,34.656174
1.115749,1.0210476,9.149736,30.91947
0.53012455,0.5135858,2.1792097,40.107697
2.403973,2.3565078,45.32886,13.7274065
0.2925487,0.33755365,0.7981088,43.898506
0.2569224,0.2852392,0.58948207,44.725754
3.1479967,2.9982686,75.59799,7.436845
2.655238,2.6767004,56.860054,10.89563
2.3917148,2.4516306,46.92317,13.2973385
0.95863765,0.93959546,7.207303,32.819496
1.4855539,1.5065281,17.90599,24.55568
1.6918117,1.7863026,24.212414,21.271961
3.4050758,3.0,82.37817,6.543783
0.42894655,0.399208,1.3734487,42.061813
0.8889653,1.0229824,7.3470087,32.717278
1.6683329,1.6758727,22.367535,22.149826
2.1512194,2.1496756,36.9954,16.2399
2.9600155,3.0,71.04677,8.161537
4.383391,3.0,112.85646,4.3802066
1.4768968,1.5702376,18.587482,24.175526
1.4304502,1.4977908,17.15826,25.007156
0.8366889,0.87938124,5.8934383,34.31266
3.2152362,2.9903135,77.11887,7.2242217
1.8878939,1.863187,28.142437,19.524801
1.5569477,1.3827893,17.344769,24.938824
1.209971,1.1661695,11.295924,29.062576
1.6009685,1.5619748,20.011461,23.373434
1.3541567,1.2996141,14.090949,26.985031
1.8540196,1.9535439,29.01489,19.178087
2.6890152,2.64334,56.8722,10.894497
1.7827247,1.7831955,25.431576,20.69869
0.609984,0.57201433,2.7971234,38.8793
1.1584382,1.163456,10.782435,29.476667
0.47683534,0.44126946,1.6883627,41.241043
3.2822864,3.0,79.09361,6.95054
0.5024725,0.4937302,1.9849925,40.534225
1.965797,2.0137327,31.677906,18.12418
2.7068696,2.79086,60.464172,10.138747
1.9995667,1.9012035,30.451366,18.60514
2.6869228,2.6509502,56.988365,10.8683605
4.567162,2.9987283,119.405365,4.192437
0.121318415,0.16287036,0.16497965,47.199356
2.6466513,2.6948378,57.067657,10.852023
1.551996,1.527684,18.97004,23.94571
1.5495638,1.4202745,17.67331,24.719944
2.613674,2.5989041,54.342377,11.459813
0.84694946,0.8502997,5.7613316,34.46784
2.6514583,2.7827036,59.09468,10.432052
3.8706315,3.0,95.927155,5.2754736
0.33178744,0.40218502,1.0873427,42.932114
1.153402,1.0601296,9.816844,30.318895
2.6139219,2.5431824,53.201458,11.729322
0.23437056,0.19205293,0.36725554,45.827576
1.0000979,0.95231795,7.628421,32.382946
2.494031,2.4382198,48.660423,12.842599
1.8683282,1.8510768,27.668545,19.723087
2.3761122,2.4810567,47.206207,13.229862
3.1376052,3.0,75.378265,7.4685144
2.3549588,2.317907,43.674095,14.189865
2.0895019,2.0813909,34.792824,16.989279
0.6957137,0.64640886,3.6074479,37.480637
1.6843144,1.6349447,22.039837,22.317368
4.4459267,3.0,115.065056,4.3069973
2.5028963,2.4267683,48.614777,12.857048
2.220028,2.2921886,40.730614,15.060488
2.8151603,2.7468245,61.88069,9.850325
1.5654964,1.5577526,19.509491,23.644882
0.64951146,0.72227615,3.7741919,37.225674
0.62624985,0.6872255,3.4578712,37.729713
1.1001291,1.0347732,9.124159,30.932014
4.155585,3.0,105.07554,4.713037
1.9056636,1.8773419,28.623865,19.325912
1.7564365,1.7035283,23.94831,21.38743
2.2436826,2.2615502,40.594883,15.096393
1.9350363,1.8877991,29.232605,19.079796
1.6750944,1.7585254,23.59341,21.562155
0.2567404,0.28268152,0.5832979,44.751602
1.644044,1.6569328,21.793228,22.43854
3.1113567,2.94073,73.313736,7.8075657
2.8313239,2.756498,62.458706,9.736457
1.894701,1.8936813,28.703682,19.292097
2.4041452,2.4064887,46.28441,13.464764
3.7418482,3.0,92.005714,5.582946
1.9896337,1.897472,30.236168,18.687988
2.5871096,2.6038747,53.893196,11.563457
2.9991114,2.9140406,69.945206,8.354782
1.6104337,1.6373724,21.09794,22.796425
1.6891502,1.7338973,23.438513,21.629152
3.0203514,3.0,72.49009,7.9190083
1.001318,1.0501714,8.421991,31.590603
2.2999914,2.313664,42.572006,14.506448
2.2307181,2.2254534,39.714985,15.367031
2.6498375,2.6141698,55.42209,11.215449
1.5760912,1.6301633,20.565983,23.07895
2.5773706,2.7283592,56.347134,11.029485
0.7069793,0.72728896,4.115076,36.686085
0.28011802,0.32479432,0.73582983,44.134834
3.927335,3.0,97.69585,5.15061
2.2124815,2.3719118,42.08416,14.677107
0.23284197,0.28798118,0.5485942,44.928917
4.3265176,3.0,110.875015,4.4535785
0.12837951,0.20347051,0.2315262,46.73938
2.3215103,2.2888274,42.512566,14.524763
1.0615742,1.0566559,8.973846,31.061161
1.1788069,1.3203907,12.532069,28.141043
2.2158694,2.1622245,38.341167,15.804353
0.86148596,0.8868273,6.114483,34.045486
2.7532551,2.7169452,59.84882,10.260202
1.4857913,1.347547,16.093836,25.690075
1.3599526,1.3967773,15.201831,26.233162
1.08198,1.0350963,8.96842,31.071342
1.8045938,1.7349281,25.06614,20.871315
2.5019913,2.4908514,49.857204,12.535874
2.439906,2.3075447,45.11161,13.803397
0.98760194,0.8649902,6.8942623,33.197647
1.0236338,1.116408,9.176773,30.893776
3.3866975,3.0,81.878876,6.602745
1.9661088,2.0370224,32.060173,17.983732
1.7665513,1.8323816,25.913303,20.488997
2.0048966,1.9725336,31.641996,18.136196
2.0139859,1.998064,32.193596,17.9279
0.29433954,0.3168117,0.7480217,44.075493
3.036159,2.9332628,71.28917,8.128074
2.0079746,1.9938395,32.02943,17.989216
4.2109823,3.0,106.92949,4.622549
2.573905,2.5976152,53.490368,11.65739
1.7060556,1.7114036,23.358112,21.664936
0.2525655,0.19035156,0.40009218,45.670853
0.67846507,0.7012534,3.8082848,37.154884
0.5081795,0.4352563,1.7907777,41.013336
0.6430299,0.67795646,3.4924498,37.663246
0.36716026,0.36189163,1.0630889,42.97525
0.41904998,0.45235634,1.5209166,41.666164
1.7817628,1.7677916,25.199064,20.804222
2.1496356,2.0694153,35.61365,16.712904
1.3613667,1.4173528,15.448833,26.075012
1.7454329,1.7881112,24.97551,20.908436
2.771096,2.7504406,60.975586,10.02853
0.31378067,0.3517116,0.8886374,43.567238
0.47912037,0.4113814,1.595164,41.493774
1.1220706,1.076355,9.670329,30.433327
2.9545355,3.0,70.917114,8.183926
1.7777053,1.8909222,26.94329,20.04955
1.5700915,1.5558301,19.543179,23.62658
1.0137401,1.0758094,8.740139,31.28954
2.9116526,2.808829,65.46896,9.162425
0.1420825,0.1852192,0.21797433,46.781475
2.5530293,2.535466,51.786186,12.061594
3.3968258,2.971006,81.461205,6.6869845
2.7782698,2.7911038,62.036175,9.815308
2.8341787,2.773756,62.905167,9.646944
0.5054415,0.4378069,1.788584,41.01466
1.2852116,1.364839,14.058216,27.014048
2.1932037,2.1900218,38.425354,15.774084
2.563135,2.4881084,51.041374,12.247911
2.8196104,2.8750255,64.8639,9.269615
2.0095153,1.9370933,31.161928,18.324396
0.3241591,0.32287967,0.8373216,43.73894
2.0740883,2.126056,35.287827,16.820513
4.424075,3.0,114.289764,4.3316894
0.81976044,0.76722074,5.0425396,35.390823
1.9402848,2.0437596,31.766634,18.101215
2.8097436,2.9324725,65.97622,9.071894
1.8589022,1.7661266,26.298883,20.324432
0.2167448,0.20053264,0.3487666,45.91442
0.7494096,0.8271243,4.9829974,35.48041
0.23607449,0.24760222,0.4681521,45.28027
0.420937,0.45818856,1.5484989,41.59587
0.32478356,0.38321766,1.0093606,43.17233
0.90955764,0.9996768,7.306596,32.734306
3.029205,2.915674,70.708954,8.228448
1.9992605,1.8783835,30.101469,18.748928
2.482157,2.522375,50.093918,12.478159
3.2331042,3.0,77.81185,7.1219206
0.45545077,0.44255996,1.613179,41.423183
2.1487787,2.162188,37.169228,16.18264
0.87460417,0.9005168,6.303452,33.824654
2.8932033,2.9381275,68.01288,8.689911
2.743818,2.6352305,57.891907,10.682491
0.75380677,0.81213534,4.911154,35.56837
3.3326747,3.0,80.42688,6.7799735
1.5480902,1.6477522,20.446682,23.153246
0.09790796,0.081225336,0.0647341,48.22485
4.161821,3.0,105.28301,4.702544
3.7837682,2.996252,93.17771,5.4942255
2.8687487,2.7210836,62.536064,9.735692
1.0478104,1.2339777,10.48243,29.802725
2.7432342,2.7606103,60.585213,10.107859
2.0393171,2.0992885,34.263306,17.179771
1.4586995,1.4725949,17.18536,24.983398
0.6894199,0.75476855,4.1799016,36.603096
1.9359698,1.8640991,28.89138,19.222157
2.0261347,2.1904197,35.61264,16.737617
1.1127107,1.1459765,10.205549,29.964516
2.2359507,2.2154465,39.630714,15.393707
2.2284358,2.3757803,42.441032,14.568097
1.0763189,0.98449403,8.510763,31.519562
0.14126089,0.093848564,0.11504877,47.677666
2.0716865,2.0055227,33.256027,17.541914
1.1056377,1.0942004,9.678837,30.42133
1.4050351,1.3986667,15.721569,25.893373
1.9370275,1.8298998,28.402435,19.431335
2.3689356,2.352637,44.58703,13.93103
2.111702,2.18278,36.895256,16.278994
1.4374335,1.3346908,15.390459,26.126371
0.7014967,0.7037462,3.9494255,36.93493
1.9304516,1.9692287,30.418022,18.6077
2.072441,2.058939,34.136967,17.220442
1.1246014,1.2462312,11.271282,29.109497
4.1558867,3.0,105.08558,4.7125273
2.1132207,2.1771793,36.823246,16.301811
2.8505158,2.7917986,63.67832,9.496435
1.772915,1.69137,24.01584,21.36111
1.210649,1.2149208,11.766814,28.686005
0.33651614,0.3106891,0.8390833,43.737717
2.1981952,2.145042,37.73307,16.000896
2.36193,2.3501027,44.406784,13.98137
2.9090137,3.0,69.84944,8.372223
2.9739356,3.0,71.37717,8.104937
1.4281689,1.414699,16.164158,25.612362
4.4445405,3.0,115.01576,4.308535
1.3977714,1.3783097,15.41401,26.092691
3.0635486,2.9832997,73.14163,7.816924
0.71722096,0.7731735,4.4488125,36.20826
1.5874063,1.5429571,19.6023,23.596943
1.3778739,1.4438012,15.932393,25.766348
2.951075,2.8701115,67.78554,8.734518
0.4173678,0.3948116,1.3202883,42.208275
2.2105021,2.2045786,38.985947,15.595678
2.716324,2.6815114,58.27568,10.590565
0.98045576,0.91161984,7.1693773,32.87159
2.5987232,2.5272374,52.561165,11.880686
1.9298753,2.0225072,31.259815,18.291128
2.5021675,2.4111423,48.2978,12.941351
4.554912,3.0,118.9889,4.1981034
2.0014808,1.9688036,31.528454,18.179268
2.046188,2.0902426,34.224,17.191692
1.0136905,0.95456004,7.7550125,32.25625
3.5477672,3.0,86.3466,6.10898
1.7552834,1.6898072,23.745872,21.485561
1.1618824,1.1672662,10.849924,29.420994
1.8841054,1.8195759,27.44284,19.823896
1.7866766,1.9549254,28.055788,19.597925
0.5646237,0.5224416,2.3669808,39.72109
1.7518543,1.7577035,24.63406,21.062935
1.7376599,1.8708575,26.07828,20.434395
2.7643495,2.862321,63.338036,9.567805
2.5265908,2.4933782,50.40238,12.400906
4.6916595,3.0,124.04668,4.0950737
3.7668638,3.0,92.75705,5.520625
2.3976603,2.413474,46.294525,13.462288
1.2454245,1.286747,12.8272,27.885086
2.1452098,2.0429227,35.101833,16.894133
2.0681043,2.0265205,33.535362,17.437592
3.0277462,2.968397,71.914505,8.017197
2.0909584,2.027173,33.926147,17.300224
0.7841936,0.8268995,5.1948895,35.18779
0.4778083,0.5113329,1.9590485,40.59835
2.011586,1.9618232,31.580914,18.161137
1.6495396,1.7565234,23.225422,21.745728
1.5757241,1.6494806,20.81477,22.951645
0.6019292,0.65426797,3.1615415,38.228416
1.1116921,1.0318863,9.202595,30.864864
1.8737928,1.7725841,26.612614,20.189386
1.4124346,1.3246278,14.99844,26.378986
2.776979,2.8089116,62.406387,9.742691
1.8811036,1.8831742,28.339584,19.44212
0.736405,0.840459,4.9946547,35.480026
3.1653485,3.0,76.07773,7.365946
2.3333254,2.221691,41.52127,14.830154
2.4116051,2.4309206,46.900856,13.299957
1.8853179,1.8210838,27.483078,19.806753
0.56207293,0.6503967,2.9557674,38.614246
1.2884574,1.3218558,13.629702,27.304295
2.681996,2.6590142,57.05384,10.853357
1.1755753,1.2619752,11.898233,28.599052
2.141501,2.346572,40.369705,15.211697
0.9659336,1.0442713,8.094122,31.921478
2.7703788,2.705881,59.987167,10.234192
2.8542652,2.8772216,65.700935,9.110367
6.5564946e-06,0.008123793,0.0002639842,49.918762
2.8000684,2.8409288,63.645035,9.501287
2.814795,2.816502,63.42302,9.542784
2.4137647,2.5680797,49.685173,12.602849
2.4265816,2.3603525,45.83825,13.590221
0.81071645,0.7425018,4.83428,35.676384
3.7936587,3.0,93.56738,5.4552593
2.9352531,3.0,70.462845,8.26318
3.5953538,3.0,87.706276,5.973031
2.3527055,2.4126089,45.42362,13.702761
2.5850196,2.6671627,55.184334,11.2742605
2.9614575,2.9258087,69.32234,8.457925
1.673311,1.6201655,21.699623,22.490143
1.6853149,1.6149054,21.792822,22.446003
2.509112,2.5151844,50.487183,12.378832
3.6921375,3.0,90.52751,5.7105045
2.2553298,2.3845222,43.089836,14.373938
1.9892263,2.0094643,31.979874,18.008062
1.1349084,1.0823971,9.838403,30.286545
1.3970312,1.3888859,15.5228,26.021528
2.2551136,2.409676,43.568306,14.244179
2.9901965,3.0,71.7651,8.03931
2.7668622,2.8813887,63.831707,9.475418
1.7752157,1.7328572,24.616741,21.073456
1.4581672,1.4933997,17.425976,24.840828
2.4633415,2.4267228,47.82814,13.056393
2.064616,1.9919157,32.92147,17.66505
1.7579857,1.8030361,25.36581,20.731236
3.772951,3.0,92.94063,5.5056496
2.057589,2.1563659,35.534348,16.744038
1.3869015,1.3646398,15.14295,26.270325
3.4111745,3.0,82.54445,6.5243664
2.541261,2.4666498,50.16947,12.463261
1.4704958,1.5400031,18.13587,24.428978
1.3434553,1.3539631,14.552353,26.663904
2.349834,2.2919014,43.098125,14.357178
1.546951,1.5316738,18.95633,23.952831
1.3569404,1.2701011,13.817776,27.184029
3.5114284,3.0,85.32051,6.2158456
0.23723999,0.27526855,0.5282223,45.006973
1.8887367,1.9238396,29.07394,19.142723
1.8549501,1.9132813,28.405941,19.41917
2.266338,2.247725,40.754227,15.047925
0.6440058,0.6091524,3.1432405,38.254227
4.406701,3.0,113.676056,4.3520036
2.3311589,2.3365693,43.57543,14.216576
2.1302776,2.1985395,37.486633,16.083488
2.4010475,2.333383,44.83882,13.8654
1.994762,1.9123504,30.544638,18.565037
1.5483127,1.655096,20.54646,23.102528
3.294358,3.0,79.41118,6.9092145
2.1845422,2.1277096,37.19749,16.176855
0.34643537,0.35567123,0.9860779,43.22545
4.0975046,3.0,103.15817,4.814498
2.092835,2.2317705,37.44303,16.114704
2.8029706,2.8867066,64.75888,9.292948
1.55725,1.5735852,19.604792,23.592846
2.494884,2.52588,50.418068,12.396875
2.3596096,2.2116425,41.83648,14.746599
2.2056954,2.1541398,38.02164,15.907059
3.029505,2.99322,72.54907,7.910016
2.8174777,2.8570988,64.40478,9.355429
2.6473293,2.598441,55.040993,11.302546
2.1955547,2.2863255,40.19098,15.228943
8.4784755e-05,0.029113512,0.003390415,49.708866
0.4083628,0.407104,1.3299754,42.177826
2.7882278,2.7475696,61.29341,9.96538
1.8448662,1.8674482,27.563576,19.76775
1.5954951,1.568371,20.02157,23.36673
1.5519553,1.5962825,19.826733,23.474304
0.9559071,0.84270895,6.495667,33.637756
0.2353346,0.25561604,0.48288774,45.211216
0.90912855,0.9614612,7.0036893,33.045025
1.8675097,1.8817539,28.11436,19.535954
2.1303217,2.1208057,36.144352,16.524813
0.49787378,0.46494424,1.8562057,40.83587
2.5405426,2.6284924,53.453316,11.672979
1.4152122,1.4642099,16.586945,25.352516
3.337823,3.0,80.56425,6.7628326
1.4532583,1.3864443,16.13675,25.637161
1.5266927,1.4621286,17.874443,24.580397
0.7579595,0.8232005,5.008647,35.44056
2.6945925,2.7430124,59.139782,10.408896
0.6604921,0.72334874,3.837933,37.12108
2.4153807,2.4064136,46.49956,13.406948
1.3727672,1.4238201,15.647015,25.94588
1.4131453,1.5472485,17.56383,24.78702
2.6535308,2.643022,56.107166,11.061262
2.7894485,2.7826438,62.09652,9.803206
1.1625774,1.1771622,10.949188,29.339901
2.428946,2.4782617,48.16624,12.969482
1.9374249,1.922421,29.79727,18.850859
2.5662143,2.615307,53.70115,11.610073
2.4683926,2.428918,47.970417,13.019499
2.9469013,2.9231274,68.9156,8.528614
2.5408716,2.5197625,51.220924,12.198891
1.6979908,1.7743222,24.125568,21.308262
2.9189293,3.0,70.0806,8.330854
2.0674016,2.1104085,34.911896,16.949871
1.5244467,1.5853354,19.348904,23.739407
1.8530548,1.8541188,27.486275,19.799831
2.06744,2.122131,35.110992,16.882038
3.63241,3.0,88.77761,5.870302
2.4330173,2.4294794,47.287773,13.196977
2.890496,2.9683046,68.66319,8.577793
1.7414699,1.7143804,23.887268,21.413315
0.47531295,0.54553616,2.0941286,40.31504
1.6504792,1.5518888,20.529762,23.108759
1.4618273,1.318701,15.503646,26.07063
2.3629491,2.3150225,43.77143,14.163141
1.1850283,1.1624336,11.022177,29.280924
1.5794423,1.5917935,20.113777,23.316086
1.4017601,1.4043025,15.747988,25.87637
0.45332724,0.45907554,1.6650238,41.29223
1.74348,1.8250846,25.482624,20.685009
2.6709285,2.7350583,58.45761,10.554535
2.9762838,3.0,71.43306,8.0954275
2.0215676,1.9797763,32.024998,17.99281
2.940291,2.803031,66.00917,9.069075
2.5787883,2.69942,55.74807,11.154934
0.86058927,0.83877426,5.7766247,34.450523
0.2352906,0.21671975,0.40931645,45.582226
2.1410437,2.176498,37.284843,16.145796
0.39451876,0.4005319,1.2642834,42.365562
0.72090584,0.67273813,3.8891273,37.035843
2.0704775,2.0460768,33.893227,17.307764
0.4975275,0.45677063,1.8246921,40.913193
2.5942187,2.580086,53.547256,11.643767
1.147392,1.1530231,10.583883,29.641819
3.6978214,3.0,90.695526,5.695669
2.685517,2.7671354,59.47616,10.342516
0.73501104,0.80679625,4.7646456,35.773087
1.5438817,1.5310926,18.911263,23.978073
2.3250453,2.3685524,44.063507,14.079899
1.536298,1.4966363,18.400528,24.270788
1.6456504,1.6557738,21.799007,22.435513
0.996664,1.0047543,8.011481,31.988688
2.0560756,2.006214,33.00936,17.629446
0.5721193,0.52768016,2.4230673,39.607773
1.3942378,1.2849154,14.379626,26.803375
2.7967913,2.8311248,63.349236,9.558147
2.6918519,2.6578164,57.24022,10.813372
2.784343,2.729292,60.8064,10.06525
2.18119,2.179776,38.036053,15.899353
1.9527915,1.9233501,30.05068,18.751255
1.0430652,1.034896,8.635979,31.379385
2.4324832,2.516922,49.007484,12.757819
1.9581888,2.0653675,32.400986,17.864685
1.4156026e-05,0.011898221,0.0005662715,49.88102
2.0327861,2.0321548,33.04749,17.612465
2.4998631,2.383379,47.719246,13.097389
0.9547106,0.92222214,7.047864,32.992638
2.8042889,2.676342,60.10737,10.220533
1.0802525,1.0229695,8.853649,31.18119
2.4884233,2.504711,49.86331,12.534485
2.1939442,2.2699533,39.864315,15.327105
2.8778424,2.8581464,65.80391,9.091089
2.1241562,2.169417,36.87364,16.282677
0.17477585,0.14265476,0.20358792,46.876587
2.8695786,2.7343802,62.84527,9.671728
2.1815073,2.2854664,39.929325,15.312593
1.3505951,1.3425639,14.50634,26.694996
2.7316413,2.7468657,60.02854,10.222065
0.74139947,0.67612284,4.027261,36.831596
1.910562,1.9442289,29.721092,18.882364
2.5268366,2.5107296,50.754665,12.3130045
2.7429206,2.8281522,62.088234,9.81133
1.348886,1.3388432,14.447979,26.734701
3.1156902,3.0,74.8301,7.5506234
1.9108117,1.8654164,28.523918,19.368698
2.0887399,2.0034013,33.505806,17.45504
0.9122107,0.9078672,6.625405,33.455574
2.905177,3.0,69.760216,8.388283
0.95553696,0.9646173,7.37415,32.642
2.1823685,2.2190225,38.747173,15.672883
3.2126617,3.0,77.28478,7.194578
1.9840058,1.9951382,31.667421,18.125416
0.5980234,0.5112977,2.4762294,39.52585
1.8808529,1.85652,27.937098,19.610542
1.5984141,1.625749,20.79195,22.956356
1.8580029,1.887299,28.056288,19.561052
2.966491,3.0,71.20027,8.135159
1.9999695,1.9607487,31.377653,18.237232
1.9865408,2.027841,32.233936,17.914665
3.556813,3.0,86.603676,6.0827885
1.9946394,1.9133664,30.558231,18.5595
